ID,방향,물량,주행회차_분,하역_분,합계_분,가용대비
S01,3수서차량기지일원,1426,105.0,3.2,108.2,0.601
S01,1구로차량사업소기점,7461,50.0,16.6,66.6,0.37
S01,3지축차량기지구파발,1518,113.0,3.4,116.4,0.647
S01,3수서차량기지기점,5736,50.0,12.7,62.7,0.349
S01,1이문차량사업소기점,5266,50.0,11.7,61.7,0.343
S01,2신정차량기지기점,7513,50.0,16.7,66.7,0.371
S01,3수서차량기지가락시장,3974,90.0,8.8,98.8,0.549
S01,2군자차량기지2호선신답,7442,95.0,16.5,111.5,0.62
S01,4창동차량기지기점,3509,50.0,7.8,57.8,0.321
S01,4창동차량기지쌍문,3102,164.0,6.9,170.9,0.949
S01,2군자차량기지2호선성수,1459,91.0,3.2,94.2,0.524
S02,3수서차량기지가락시장,7517,90.0,16.7,106.7,0.593
S02,1구로차량사업소구일,7009,150.0,15.6,165.6,0.92
S02,1이문차량사업소석계,4444,141.0,9.9,150.9,0.838
S02,3수서차량기지일원,1123,105.0,2.5,107.5,0.597
S02,1구로차량사업소기점,7764,50.0,17.3,67.3,0.374
S02,1구로차량사업소신도림,1377,130.0,3.1,133.1,0.739
S02,1구로차량사업소가산디지털단지,7015,145.0,15.6,160.6,0.892
S02,3지축차량기지구파발,1464,113.0,3.3,116.3,0.646
S02,3수서차량기지기점,7758,50.0,17.2,67.2,0.374
S02,2군자차량기지2호선신답,7408,95.0,16.5,111.5,0.619
S02,1이문차량사업소기점,7410,50.0,16.5,66.5,0.369
S02,2신정차량기지신정네거리,6544,105.0,14.5,119.5,0.664
S02,2신정차량기지도림천,980,178.0,2.2,180.2,1.001
S02,2신정차량기지기점,7580,50.0,16.8,66.8,0.371
S02,2군자차량기지2호선기점,7614,50.0,16.9,66.9,0.372
S02,4창동차량기지기점,7598,50.0,16.9,66.9,0.372
S02,1이문차량사업소외대앞,1593,113.0,3.5,116.5,0.647
S02,4창동차량기지쌍문,3157,164.0,7.0,171.0,0.95
S02,2군자차량기지2호선성수,1460,91.0,3.2,94.2,0.524
S05,1이문차량사업소석계,4244,141.0,9.4,150.4,0.836
S05,1구로차량사업소기점,10907,100.0,24.2,124.2,0.69
S05,3지축차량기지구파발,1478,113.0,3.3,116.3,0.646
S05,3수서차량기지기점,8816,100.0,19.6,119.6,0.664
S05,2신정차량기지기점,5864,100.0,13.0,113.0,0.628
S05,2군자차량기지2호선기점,9620,100.0,21.4,121.4,0.674
S05,4창동차량기지기점,2987,100.0,6.6,106.6,0.592
S05,4창동차량기지쌍문,2922,164.0,6.5,170.5,0.947
S05,2군자차량기지2호선성수,1569,91.0,3.5,94.5,0.525
S06,3수서차량기지일원,1557,105.0,3.5,108.5,0.603
S06,1구로차량사업소기점,15009,100.0,33.4,133.4,0.741
S06,1구로차량사업소가산디지털단지,2774,174.0,6.2,180.2,1.001
S06,3지축차량기지구파발,1464,113.0,3.3,116.3,0.646
S06,3수서차량기지기점,12951,100.0,28.8,128.8,0.715
S06,2군자차량기지2호선신답,3973,171.0,8.8,179.8,0.999
S06,1이문차량사업소기점,12468,100.0,27.7,127.7,0.709
S06,2신정차량기지신정네거리,5370,168.0,11.9,179.9,1.0
S06,2신정차량기지기점,14394,100.0,32.0,132.0,0.733
S06,2군자차량기지2호선기점,15196,100.0,33.8,133.8,0.743
S06,4창동차량기지기점,7018,100.0,15.6,115.6,0.642
S06,4창동차량기지쌍문,3010,164.0,6.7,170.7,0.948
S06,2군자차량기지2호선성수,1629,91.0,3.6,94.6,0.526
S09,1구로차량사업소기점,10907,150.0,24.2,174.2,0.968
S09,3지축차량기지구파발,1478,113.0,3.3,116.3,0.646
S09,3수서차량기지기점,8816,150.0,19.6,169.6,0.942
S09,2신정차량기지기점,5864,150.0,13.0,163.0,0.906
S09,2군자차량기지2호선기점,11285,150.0,25.1,175.1,0.973
S09,4창동차량기지기점,5565,150.0,12.4,162.4,0.902
S09,4창동차량기지쌍문,2922,164.0,6.5,170.5,0.947
S09,2군자차량기지2호선성수,1569,91.0,3.5,94.5,0.525
S10,3수서차량기지일원,1130,105.0,2.5,107.5,0.597
S10,1구로차량사업소기점,13431,150.0,29.8,179.8,0.999
S10,1구로차량사업소가산디지털단지,2774,174.0,6.2,180.2,1.001
S10,3지축차량기지구파발,1588,113.0,3.5,116.5,0.647
S10,1이문차량사업소외대앞,1543,113.0,3.4,116.4,0.647
S10,3수서차량기지기점,13378,150.0,29.7,179.7,0.998
S10,2군자차량기지2호선신답,4090,171.0,9.1,180.1,1.0
S10,1이문차량사업소기점,13576,150.0,30.2,180.2,1.001
S10,2신정차량기지신정네거리,5370,168.0,11.9,179.9,1.0
S10,2신정차량기지기점,13568,150.0,30.2,180.2,1.001
S10,2군자차량기지2호선기점,13452,150.0,29.9,179.9,0.999
S10,4창동차량기지기점,8245,150.0,18.3,168.3,0.935
S10,4창동차량기지쌍문,3304,164.0,7.3,171.3,0.952
S10,2군자차량기지2호선성수,1365,91.0,3.0,94.0,0.522
S13,3수서차량기지가락시장,5264,90.0,11.7,101.7,0.565
S13,1구로차량사업소기점,8090,50.0,18.0,68.0,0.378
S13,2군자차량기지2호선성수,3113,91.0,6.9,97.9,0.544
S13,3지축차량기지구파발,3023,113.0,6.7,119.7,0.665
S13,3수서차량기지일원,2997,105.0,6.7,111.7,0.62
S13,4창동차량기지쌍문,6013,164.0,13.4,177.4,0.985
S13,2신정차량기지기점,5651,50.0,12.6,62.6,0.348
S13,2군자차량기지2호선신답,9688,95.0,21.5,116.5,0.647
S13,4창동차량기지기점,4569,50.0,10.2,60.2,0.334
S14,3수서차량기지가락시장,9759,90.0,21.7,111.7,0.62
S14,1구로차량사업소기점,11194,50.0,24.9,74.9,0.416
S14,3수서차량기지일원,2919,105.0,6.5,111.5,0.619
S14,3지축차량기지구파발,2905,113.0,6.5,119.5,0.664
S14,1구로차량사업소가산디지털단지,7180,145.0,16.0,161.0,0.894
S14,1이문차량사업소외대앞,3074,113.0,6.8,119.8,0.666
S14,3수서차량기지기점,8730,50.0,19.4,69.4,0.386
S14,4창동차량기지쌍문,5911,164.0,13.1,177.1,0.984
S14,1이문차량사업소기점,8531,50.0,19.0,69.0,0.383
S14,2신정차량기지기점,11542,50.0,25.6,75.6,0.42
S14,2군자차량기지2호선신답,15035,95.0,33.4,128.4,0.713
S14,4창동차량기지기점,7018,50.0,15.6,65.6,0.364
S14,2군자차량기지2호선성수,3017,91.0,6.7,97.7,0.543
S15,3수서차량기지가락시장,9464,90.0,21.0,111.0,0.617
S15,3수서차량기지일원,2336,105.0,5.2,110.2,0.612
S15,1구로차량사업소기점,14896,50.0,33.1,83.1,0.462
S15,1구로차량사업소신도림,2856,130.0,6.3,136.3,0.757
S15,1구로차량사업소가산디지털단지,11844,145.0,26.3,171.3,0.952
S15,3지축차량기지구파발,2842,113.0,6.3,119.3,0.663
S15,1이문차량사업소외대앞,3038,113.0,6.8,119.8,0.665
S15,2군자차량기지2호선성수,3359,91.0,7.5,98.5,0.547
S15,3수서차량기지기점,13703,50.0,30.5,80.5,0.447
S15,4창동차량기지쌍문,5983,164.0,13.3,177.3,0.985
S15,1이문차량사업소기점,12390,50.0,27.5,77.5,0.431
S15,2신정차량기지신정네거리,6638,105.0,14.8,119.8,0.665
S15,2신정차량기지기점,15298,50.0,34.0,84.0,0.467
S15,2군자차량기지2호선기점,14875,50.0,33.1,83.1,0.461
S15,2군자차량기지2호선신답,15172,95.0,33.7,128.7,0.715
S15,4창동차량기지기점,10527,50.0,23.4,73.4,0.408
S16,3수서차량기지가락시장,14317,90.0,31.8,121.8,0.677
S16,1구로차량사업소가산디지털단지,15171,145.0,33.7,178.7,0.993
S16,1구로차량사업소구일,13066,150.0,29.0,179.0,0.995
S16,1이문차량사업소석계,9287,141.0,20.6,161.6,0.898
S16,3수서차량기지일원,3115,105.0,6.9,111.9,0.622
S16,1구로차량사업소기점,14804,50.0,32.9,82.9,0.461
S16,4창동차량기지노원,12211,100.0,27.1,127.1,0.706
S16,3지축차량기지구파발,2693,113.0,6.0,119.0,0.661
S16,1구로차량사업소신도림,2938,130.0,6.5,136.5,0.758
S16,1이문차량사업소외대앞,3109,113.0,6.9,119.9,0.666
S16,3수서차량기지기점,12574,50.0,27.9,77.9,0.433
S16,1이문차량사업소기점,14635,50.0,32.5,82.5,0.458
S16,2신정차량기지신정네거리,6820,105.0,15.2,120.2,0.668
S16,2신정차량기지도림천,972,178.0,2.2,180.2,1.001
S16,2신정차량기지기점,15206,50.0,33.8,83.8,0.466
S16,2군자차량기지2호선기점,15133,50.0,33.6,83.6,0.465
S16,2군자차량기지2호선신답,15926,95.0,35.4,130.4,0.724
S16,4창동차량기지기점,12882,50.0,28.6,78.6,0.437
S16,4창동차량기지쌍문,5875,164.0,13.1,177.1,0.984
S16,2군자차량기지2호선성수,2896,91.0,6.4,97.4,0.541
S17,1구로차량사업소기점,6840,100.0,15.2,115.2,0.64
S17,3수서차량기지일원,3069,105.0,6.8,111.8,0.621
S17,3지축차량기지구파발,3003,113.0,6.7,119.7,0.665
S17,3수서차량기지기점,7434,100.0,16.5,116.5,0.647
S17,4창동차량기지쌍문,5916,164.0,13.1,177.1,0.984
S17,1이문차량사업소기점,6945,100.0,15.4,115.4,0.641
S17,2신정차량기지기점,5651,100.0,12.6,112.6,0.625
S17,4창동차량기지기점,3509,100.0,7.8,107.8,0.599
S17,1이문차량사업소외대앞,3004,113.0,6.7,119.7,0.665
S17,2군자차량기지2호선성수,3036,91.0,6.7,97.7,0.543
S18,3수서차량기지일원,3087,105.0,6.9,111.9,0.621
S18,1구로차량사업소기점,20695,100.0,46.0,146.0,0.811
S18,3지축차량기지구파발,2957,113.0,6.6,119.6,0.664
S18,3수서차량기지기점,13216,100.0,29.4,129.4,0.719
S18,4창동차량기지쌍문,5920,164.0,13.2,177.2,0.984
S18,1이문차량사업소기점,7935,100.0,17.6,117.6,0.654
S18,2신정차량기지기점,11729,100.0,26.1,126.1,0.7
S18,2군자차량기지2호선기점,18333,100.0,40.7,140.7,0.782
S18,4창동차량기지기점,7018,100.0,15.6,115.6,0.642
S18,1이문차량사업소외대앞,3029,113.0,6.7,119.7,0.665
S18,2군자차량기지2호선성수,2895,91.0,6.4,97.4,0.541
S19,1구로차량사업소기점,30203,100.0,67.1,167.1,0.928
S19,1구로차량사업소신도림,3011,130.0,6.7,136.7,0.759
S19,1구로차량사업소가산디지털단지,2669,174.0,5.9,179.9,1.0
S19,3수서차량기지일원,2980,105.0,6.6,111.6,0.62
S19,3지축차량기지구파발,2745,113.0,6.1,119.1,0.662
S19,1이문차량사업소외대앞,3089,113.0,6.9,119.9,0.666
S19,3수서차량기지기점,13476,100.0,29.9,129.9,0.722
S19,2군자차량기지2호선신답,4093,171.0,9.1,180.1,1.001
S19,1이문차량사업소기점,26453,100.0,58.8,158.8,0.882
S19,2신정차량기지기점,16416,100.0,36.5,136.5,0.758
S19,2군자차량기지2호선기점,20661,100.0,45.9,145.9,0.811
S19,4창동차량기지기점,10527,100.0,23.4,123.4,0.686
S19,4창동차량기지쌍문,6000,164.0,13.3,177.3,0.985
S19,2군자차량기지2호선성수,2899,91.0,6.4,97.4,0.541
S21,3수서차량기지일원,3137,105.0,7.0,112.0,0.622
S21,1구로차량사업소기점,7061,150.0,15.7,165.7,0.921
S21,3지축차량기지구파발,2993,113.0,6.7,119.7,0.665
S21,3수서차량기지기점,8471,150.0,18.8,168.8,0.938
S21,4창동차량기지쌍문,6000,164.0,13.3,177.3,0.985
S21,1이문차량사업소기점,5796,150.0,12.9,162.9,0.905
S21,2신정차량기지기점,5651,150.0,12.6,162.6,0.903
S21,2군자차량기지2호선성수,2936,91.0,6.5,97.5,0.542
S21,4창동차량기지기점,3509,150.0,7.8,157.8,0.877
S21,1이문차량사업소외대앞,2853,113.0,6.3,119.3,0.663
S22,3수서차량기지일원,2982,105.0,6.6,111.6,0.62
S22,1구로차량사업소기점,13377,150.0,29.7,179.7,0.998
S22,1구로차량사업소신도림,3153,130.0,7.0,137.0,0.761
S22,3지축차량기지구파발,2957,113.0,6.6,119.6,0.664
S22,1이문차량사업소외대앞,3089,113.0,6.9,119.9,0.666
S22,3수서차량기지기점,13304,150.0,29.6,179.6,0.998
S22,2군자차량기지2호선신답,4249,171.0,9.4,180.4,1.002
S22,1이문차량사업소기점,10845,150.0,24.1,174.1,0.967
S22,2신정차량기지기점,13455,150.0,29.9,179.9,0.999
S22,2군자차량기지2호선기점,13456,150.0,29.9,179.9,0.999
S22,4창동차량기지기점,7018,150.0,15.6,165.6,0.92
S22,4창동차량기지쌍문,5891,164.0,13.1,177.1,0.984
S22,2군자차량기지2호선성수,3039,91.0,6.8,97.8,0.543
S25,1구로차량사업소기점,6450,50.0,14.3,64.3,0.357
S25,2군자차량기지2호선성수,4553,91.0,10.1,101.1,0.562
S25,3지축차량기지구파발,4479,113.0,10.0,123.0,0.683
S25,3수서차량기지기점,6735,50.0,15.0,65.0,0.361
S25,2군자차량기지2호선신답,6293,95.0,14.0,109.0,0.605
S25,4창동차량기지쌍문,7189,164.0,16.0,180.0,1.0
S25,1이문차량사업소기점,7058,50.0,15.7,65.7,0.365
S25,2신정차량기지기점,5651,50.0,12.6,62.6,0.348
S26,3수서차량기지가락시장,9610,90.0,21.4,111.4,0.619
S26,1구로차량사업소기점,11564,50.0,25.7,75.7,0.421
S26,1구로차량사업소가산디지털단지,6628,145.0,14.7,159.7,0.887
S26,3지축차량기지구파발,4532,113.0,10.1,123.1,0.684
S26,3수서차량기지기점,6895,50.0,15.3,65.3,0.363
S26,1이문차량사업소기점,7434,50.0,16.5,66.5,0.37
S26,3수서차량기지일원,4552,105.0,10.1,115.1,0.64
S26,2신정차량기지기점,11410,50.0,25.4,75.4,0.419
S26,2군자차량기지2호선신답,15718,95.0,34.9,129.9,0.722
S26,4창동차량기지기점,6841,50.0,15.2,65.2,0.362
S26,4창동차량기지쌍문,7179,164.0,16.0,180.0,1.0
S26,2군자차량기지2호선성수,4453,91.0,9.9,100.9,0.561
S27,3수서차량기지가락시장,9540,90.0,21.2,111.2,0.618
S27,3수서차량기지일원,4472,105.0,9.9,114.9,0.639
S27,1구로차량사업소기점,15901,50.0,35.3,85.3,0.474
S27,1구로차량사업소신도림,4928,130.0,11.0,141.0,0.783
S27,1구로차량사업소가산디지털단지,9942,145.0,22.1,167.1,0.928
S27,3지축차량기지구파발,4435,113.0,9.9,122.9,0.683
S27,3수서차량기지기점,12723,50.0,28.3,78.3,0.435
S27,2군자차량기지2호선신답,19645,95.0,43.7,138.7,0.77
S27,1이문차량사업소기점,9920,50.0,22.0,72.0,0.4
S27,2신정차량기지기점,16416,50.0,36.5,86.5,0.48
S27,2군자차량기지2호선기점,11532,50.0,25.6,75.6,0.42
S27,1이문차량사업소외대앞,4091,113.0,9.1,122.1,0.678
S27,4창동차량기지기점,9876,50.0,21.9,71.9,0.4
S27,4창동차량기지쌍문,7043,164.0,15.7,179.7,0.998
S27,2군자차량기지2호선성수,4757,91.0,10.6,101.6,0.564
S28,3수서차량기지가락시장,14778,90.0,32.8,122.8,0.682
S28,1구로차량사업소구일,7983,150.0,17.7,167.7,0.932
S28,3수서차량기지일원,5132,105.0,11.4,116.4,0.647
S28,1구로차량사업소기점,22526,50.0,50.1,100.1,0.556
S28,4창동차량기지노원,5406,100.0,12.0,112.0,0.622
S28,1구로차량사업소신도림,4575,130.0,10.2,140.2,0.779
S28,1구로차량사업소가산디지털단지,15825,145.0,35.2,180.2,1.001
S28,1이문차량사업소외대앞,4753,113.0,10.6,123.6,0.686
S28,3수서차량기지기점,12574,50.0,27.9,77.9,0.433
S28,2군자차량기지2호선신답,22491,95.0,50.0,145.0,0.805
S28,1이문차량사업소기점,16311,50.0,36.2,86.2,0.479
S28,2신정차량기지기점,16174,50.0,35.9,85.9,0.477
S28,3지축차량기지구파발,4375,113.0,9.7,122.7,0.682
S28,2군자차량기지2호선기점,20894,50.0,46.4,96.4,0.536
S28,4창동차량기지기점,8630,50.0,19.2,69.2,0.384
S28,4창동차량기지쌍문,6900,164.0,15.3,179.3,0.996
S28,2군자차량기지2호선성수,4302,91.0,9.6,100.6,0.559
S29,1구로차량사업소기점,8855,100.0,19.7,119.7,0.665
S29,2군자차량기지2호선성수,4512,91.0,10.0,101.0,0.561
S29,3지축차량기지구파발,4509,113.0,10.0,123.0,0.683
S29,3수서차량기지일원,4177,105.0,9.3,114.3,0.635
S29,3수서차량기지기점,4373,100.0,9.7,109.7,0.61
S29,2신정차량기지기점,5651,100.0,12.6,112.6,0.625
S29,4창동차량기지기점,6242,100.0,13.9,113.9,0.633
S29,1이문차량사업소외대앞,4505,113.0,10.0,123.0,0.683
S29,4창동차량기지쌍문,5584,164.0,12.4,176.4,0.98
S30,1이문차량사업소석계,7452,141.0,16.6,157.6,0.875
S30,3수서차량기지일원,4485,105.0,10.0,115.0,0.639
S30,1구로차량사업소기점,17127,100.0,38.1,138.1,0.767
S30,3지축차량기지구파발,4532,113.0,10.1,123.1,0.684
S30,3수서차량기지기점,13304,100.0,29.6,129.6,0.72
S30,4창동차량기지쌍문,7150,164.0,15.9,179.9,0.999
S30,2신정차량기지기점,11410,100.0,25.4,125.4,0.696
S30,2군자차량기지2호선기점,16412,100.0,36.5,136.5,0.758
S30,4창동차량기지기점,5974,100.0,13.3,113.3,0.629
S30,1이문차량사업소외대앞,4539,113.0,10.1,123.1,0.684
S30,2군자차량기지2호선성수,4429,91.0,9.8,100.8,0.56
S31,1구로차량사업소기점,30475,100.0,67.7,167.7,0.932
S31,1구로차량사업소신도림,4592,130.0,10.2,140.2,0.779
S31,3수서차량기지일원,4695,105.0,10.4,115.4,0.641
S31,3지축차량기지구파발,4435,113.0,9.9,122.9,0.683
S31,3수서차량기지기점,13165,100.0,29.3,129.3,0.718
S31,1이문차량사업소기점,20298,100.0,45.1,145.1,0.806
S31,2신정차량기지기점,16416,100.0,36.5,136.5,0.758
S31,2군자차량기지2호선기점,21038,100.0,46.8,146.8,0.815
S31,2군자차량기지2호선신답,3744,171.0,8.3,179.3,0.996
S31,1이문차량사업소외대앞,4454,113.0,9.9,122.9,0.683
S31,4창동차량기지기점,10527,100.0,23.4,123.4,0.686
S31,4창동차량기지쌍문,6852,164.0,15.2,179.2,0.996
S31,2군자차량기지2호선성수,4531,91.0,10.1,101.1,0.561
S33,1구로차량사업소기점,8077,150.0,17.9,167.9,0.933
S33,2군자차량기지2호선성수,4427,91.0,9.8,100.8,0.56
S33,3지축차량기지구파발,4491,113.0,10.0,123.0,0.683
S33,3수서차량기지일원,4560,105.0,10.1,115.1,0.64
S33,3수서차량기지기점,3954,150.0,8.8,158.8,0.882
S33,1이문차량사업소기점,6572,150.0,14.6,164.6,0.914
S33,2신정차량기지기점,5651,150.0,12.6,162.6,0.903
S33,4창동차량기지기점,3509,150.0,7.8,157.8,0.877
S33,4창동차량기지쌍문,7168,164.0,15.9,179.9,1.0
S34,3수서차량기지일원,4792,105.0,10.6,115.6,0.642
S34,1구로차량사업소기점,13468,150.0,29.9,179.9,1.0
S34,1구로차량사업소신도림,4473,130.0,9.9,139.9,0.777
S34,3지축차량기지구파발,4467,113.0,9.9,122.9,0.683
S34,1이문차량사업소석계,9242,141.0,20.5,161.5,0.897
S34,3수서차량기지기점,13304,150.0,29.6,179.6,0.998
S34,4창동차량기지쌍문,6916,164.0,15.4,179.4,0.996
S34,2신정차량기지기점,11476,150.0,25.5,175.5,0.975
S34,2군자차량기지2호선기점,13369,150.0,29.7,179.7,0.998
S34,4창동차량기지기점,6160,150.0,13.7,163.7,0.909
S34,1이문차량사업소외대앞,4559,113.0,10.1,123.1,0.684
S34,2군자차량기지2호선성수,4588,91.0,10.2,101.2,0.562
S37,1구로차량사업소기점,5946,50.0,13.2,63.2,0.351
S37,2군자차량기지2호선성수,5991,91.0,13.3,104.3,0.58
S37,3지축차량기지구파발,5798,113.0,12.9,125.9,0.699
S37,3수서차량기지기점,5689,50.0,12.6,62.6,0.348
S37,2군자차량기지2호선신답,4941,95.0,11.0,106.0,0.589
S37,4창동차량기지쌍문,7334,164.0,16.3,180.3,1.002
S37,1이문차량사업소기점,7058,50.0,15.7,65.7,0.365
S37,2신정차량기지기점,5651,50.0,12.6,62.6,0.348
S38,3수서차량기지가락시장,9462,90.0,21.0,111.0,0.617
S38,1구로차량사업소기점,15540,50.0,34.5,84.5,0.47
S38,3수서차량기지일원,5719,105.0,12.7,117.7,0.654
S38,3지축차량기지구파발,6005,113.0,13.3,126.3,0.702
S38,3수서차량기지기점,3504,50.0,7.8,57.8,0.321
S38,2군자차량기지2호선신답,10577,95.0,23.5,118.5,0.658
S38,1이문차량사업소기점,7036,50.0,15.6,65.6,0.365
S38,2신정차량기지기점,11301,50.0,25.1,75.1,0.417
S38,2군자차량기지2호선기점,7714,50.0,17.1,67.1,0.373
S38,4창동차량기지기점,6584,50.0,14.6,64.6,0.359
S38,4창동차량기지쌍문,7280,164.0,16.2,180.2,1.001
S38,2군자차량기지2호선성수,6092,91.0,13.5,104.5,0.581
S39,3수서차량기지가락시장,9738,90.0,21.6,111.6,0.62
S39,3수서차량기지일원,5891,105.0,13.1,118.1,0.656
S39,1구로차량사업소기점,12165,50.0,27.0,77.0,0.428
S39,2군자차량기지2호선성수,6080,91.0,13.5,104.5,0.581
S39,1구로차량사업소신도림,6045,130.0,13.4,143.4,0.797
S39,1구로차량사업소가산디지털단지,10770,145.0,23.9,168.9,0.939
S39,3지축차량기지구파발,6167,113.0,13.7,126.7,0.704
S39,1이문차량사업소외대앞,5890,113.0,13.1,126.1,0.7
S39,3수서차량기지기점,13136,50.0,29.2,79.2,0.44
S39,2군자차량기지2호선신답,25175,95.0,55.9,150.9,0.839
S39,4창동차량기지쌍문,7164,164.0,15.9,179.9,1.0
S39,1이문차량사업소기점,10324,50.0,22.9,72.9,0.405
S39,2신정차량기지기점,16416,50.0,36.5,86.5,0.48
S39,4창동차량기지기점,10261,50.0,22.8,72.8,0.404
S40,3수서차량기지가락시장,14251,90.0,31.7,121.7,0.676
S40,3수서차량기지일원,5963,105.0,13.3,118.3,0.657
S40,1구로차량사업소기점,26969,50.0,59.9,109.9,0.611
S40,4창동차량기지노원,5406,100.0,12.0,112.0,0.622
S40,1구로차량사업소신도림,6010,130.0,13.4,143.4,0.796
S40,1구로차량사업소가산디지털단지,14585,145.0,32.4,177.4,0.986
S40,3지축차량기지구파발,5913,113.0,13.1,126.1,0.701
S40,1이문차량사업소외대앞,6008,113.0,13.4,126.4,0.702
S40,3수서차량기지기점,13790,50.0,30.6,80.6,0.448
S40,2군자차량기지2호선신답,25936,95.0,57.6,152.6,0.848
S40,1이문차량사업소기점,13765,50.0,30.6,80.6,0.448
S40,2신정차량기지기점,16522,50.0,36.7,86.7,0.482
S40,2군자차량기지2호선기점,17019,50.0,37.8,87.8,0.488
S40,4창동차량기지기점,8276,50.0,18.4,68.4,0.38
S40,4창동차량기지쌍문,7270,164.0,16.2,180.2,1.001
S40,2군자차량기지2호선성수,5944,91.0,13.2,104.2,0.579
S41,1구로차량사업소기점,10831,100.0,24.1,124.1,0.689
S41,2군자차량기지2호선성수,5889,91.0,13.1,104.1,0.578
S41,3지축차량기지구파발,6045,113.0,13.4,126.4,0.702
S41,3수서차량기지일원,5644,105.0,12.5,117.5,0.653
S41,3수서차량기지기점,3389,100.0,7.5,107.5,0.597
S41,2신정차량기지기점,5651,100.0,12.6,112.6,0.625
S41,4창동차량기지기점,4932,100.0,11.0,111.0,0.616
S41,1이문차량사업소외대앞,6026,113.0,13.4,126.4,0.702
S42,1이문차량사업소석계,7278,141.0,16.2,157.2,0.873
S42,1구로차량사업소기점,16040,100.0,35.6,135.6,0.754
S42,3지축차량기지구파발,5986,113.0,13.3,126.3,0.702
S42,3수서차량기지일원,5779,105.0,12.8,117.8,0.655
S42,3수서차량기지기점,12575,100.0,27.9,127.9,0.711
S42,4창동차량기지쌍문,7347,164.0,16.3,180.3,1.002
S42,2신정차량기지기점,11301,100.0,25.1,125.1,0.695
S42,2군자차량기지2호선기점,12736,100.0,28.3,128.3,0.713
S42,4창동차량기지기점,5974,100.0,13.3,113.3,0.629
S42,1이문차량사업소외대앞,5982,113.0,13.3,126.3,0.702
S42,2군자차량기지2호선성수,5816,91.0,12.9,103.9,0.577
S43,1구로차량사업소기점,26048,100.0,57.9,157.9,0.877
S43,1구로차량사업소신도림,6057,130.0,13.5,143.5,0.797
S43,3지축차량기지구파발,5926,113.0,13.2,126.2,0.701
S43,1이문차량사업소외대앞,5987,113.0,13.3,126.3,0.702
S43,2군자차량기지2호선성수,5533,91.0,12.3,103.3,0.574
S43,3수서차량기지기점,13495,100.0,30.0,130.0,0.722
S43,4창동차량기지쌍문,7062,164.0,15.7,179.7,0.998
S43,1이문차량사업소기점,16913,100.0,37.6,137.6,0.764
S43,3수서차량기지일원,6034,105.0,13.4,118.4,0.658
S43,2신정차량기지기점,16416,100.0,36.5,136.5,0.758
S43,2군자차량기지2호선기점,20973,100.0,46.6,146.6,0.814
S43,2군자차량기지2호선신답,4251,171.0,9.4,180.4,1.002
S43,4창동차량기지기점,10527,100.0,23.4,123.4,0.686
S44,1이문차량사업소석계,14510,141.0,32.2,173.2,0.962
S44,1구로차량사업소기점,35954,100.0,79.9,179.9,0.999
S44,1구로차량사업소신도림,5625,130.0,12.5,142.5,0.792
S44,3수서차량기지일원,5550,105.0,12.3,117.3,0.652
S44,1구로차량사업소가산디지털단지,2679,174.0,6.0,180.0,1.0
S44,3지축차량기지구파발,5810,113.0,12.9,125.9,0.7
S44,1이문차량사업소외대앞,5860,113.0,13.0,126.0,0.7
S44,3수서차량기지기점,13299,100.0,29.6,129.6,0.72
S44,1이문차량사업소기점,33875,100.0,75.3,175.3,0.974
S44,2신정차량기지신정네거리,6027,168.0,13.4,181.4,1.008
S44,2신정차량기지기점,15861,100.0,35.2,135.2,0.751
S44,2군자차량기지2호선성수,6153,91.0,13.7,104.7,0.582
S44,2군자차량기지2호선기점,20883,100.0,46.4,146.4,0.813
S44,2군자차량기지2호선신답,4181,171.0,9.3,180.3,1.002
S44,4창동차량기지기점,10385,100.0,23.1,123.1,0.684
S44,4창동차량기지쌍문,6979,164.0,15.5,179.5,0.997
S45,3지축차량기지구파발,6004,113.0,13.3,126.3,0.702
S45,1이문차량사업소석계,3376,141.0,7.5,148.5,0.825
S45,1구로차량사업소기점,5946,150.0,13.2,163.2,0.907
S45,2군자차량기지2호선성수,5998,91.0,13.3,104.3,0.58
S45,3수서차량기지일원,5119,105.0,11.4,116.4,0.647
S45,4창동차량기지쌍문,7215,164.0,16.0,180.0,1.0
S45,3수서차량기지기점,3562,150.0,7.9,157.9,0.877
S45,2신정차량기지기점,5651,150.0,12.6,162.6,0.903
S45,4창동차량기지기점,2372,150.0,5.3,155.3,0.863
S45,1이문차량사업소외대앞,3165,113.0,7.0,120.0,0.667
S46,1이문차량사업소석계,8487,141.0,18.9,159.9,0.888
S46,1구로차량사업소기점,13358,150.0,29.7,179.7,0.998
S46,2군자차량기지2호선성수,5944,91.0,13.2,104.2,0.579
S46,3수서차량기지일원,5627,105.0,12.5,117.5,0.653
S46,3지축차량기지구파발,5885,113.0,13.1,126.1,0.7
S46,1이문차량사업소외대앞,6072,113.0,13.5,126.5,0.703
S46,3수서차량기지기점,11101,150.0,24.7,174.7,0.97
S46,4창동차량기지쌍문,7225,164.0,16.1,180.1,1.0
S46,2신정차량기지기점,13586,150.0,30.2,180.2,1.001
S46,2군자차량기지2호선기점,13556,150.0,30.1,180.1,1.001
S46,4창동차량기지기점,5974,150.0,13.3,163.3,0.907
S47,3수서차량기지일원,6188,105.0,13.8,118.8,0.66
S47,1구로차량사업소기점,13418,150.0,29.8,179.8,0.999
S47,1구로차량사업소신도림,6457,130.0,14.3,144.3,0.802
S47,1구로차량사업소가산디지털단지,2669,174.0,5.9,179.9,1.0
S47,3지축차량기지구파발,5678,113.0,12.6,125.6,0.698
S47,1이문차량사업소외대앞,6032,113.0,13.4,126.4,0.702
S47,1이문차량사업소석계,17562,141.0,39.0,180.0,1.0
S47,3수서차량기지기점,13476,150.0,29.9,179.9,1.0
S47,2군자차량기지2호선신답,4056,171.0,9.0,180.0,1.0
S47,1이문차량사업소기점,13454,150.0,29.9,179.9,0.999
S47,2신정차량기지신정네거리,5127,168.0,11.4,179.4,0.997
S47,2신정차량기지기점,13983,150.0,31.1,181.1,1.006
S47,2군자차량기지2호선기점,13001,150.0,28.9,178.9,0.994
S47,4창동차량기지기점,11097,150.0,24.7,174.7,0.97
S47,4창동차량기지쌍문,7104,164.0,15.8,179.8,0.999
S47,2군자차량기지2호선성수,5920,91.0,13.2,104.2,0.579
SMAX,3수서차량기지가락시장,14511,90.0,32.2,122.2,0.679
SMAX,1구로차량사업소구일,13451,150.0,29.9,179.9,0.999
SMAX,1이문차량사업소석계,17647,141.0,39.2,180.2,1.001
SMAX,1구로차량사업소기점,30173,50.0,67.1,117.1,0.65
SMAX,4창동차량기지노원,17889,100.0,39.8,139.8,0.776
SMAX,3지축차량기지구파발,5578,113.0,12.4,125.4,0.697
SMAX,1구로차량사업소신도림,5702,130.0,12.7,142.7,0.793
SMAX,1구로차량사업소가산디지털단지,15869,145.0,35.3,180.3,1.001
SMAX,3수서차량기지일원,5686,105.0,12.6,117.6,0.654
SMAX,1이문차량사업소외대앞,5958,113.0,13.2,126.2,0.701
SMAX,2군자차량기지2호선성수,5889,91.0,13.1,104.1,0.578
SMAX,3수서차량기지기점,12773,50.0,28.4,78.4,0.435
SMAX,2군자차량기지2호선신답,30112,95.0,66.9,161.9,0.9
SMAX,1이문차량사업소기점,30287,50.0,67.3,117.3,0.652
SMAX,2신정차량기지신정네거리,5776,105.0,12.8,117.8,0.655
SMAX,2신정차량기지도림천,1011,178.0,2.2,180.2,1.001
SMAX,2신정차량기지기점,17052,50.0,37.9,87.9,0.488
SMAX,2군자차량기지2호선기점,21141,50.0,47.0,97.0,0.539
SMAX,4창동차량기지기점,13349,50.0,29.7,79.7,0.443
SMAX,4창동차량기지쌍문,7276,164.0,16.2,180.2,1.001
