ID,허브,트럭번호,방문순서,방문행정동수,경로거리_km
S25,가락시장,1,삼전동,1,6.4
S25,가락시장,2,위례동 -> 거여1동 -> 둔촌2동 -> 둔촌1동,4,16.7
S25,가락시장,3,잠실4동 -> 자양1동,2,13.4
S25,가락시장,4,잠실6동 -> 자양3동,2,14.2
S25,가락시장,5,길동,1,12.52
S25,가락시장,6,마천2동 -> 마천1동 -> 거여2동,3,8.81
S25,가락시장,7,문정1동,1,2.28
S25,가락시장,8,천호2동,1,14.0
S25,가락시장,9,구의1동 -> 풍납1동,2,18.01
S25,가락시장,10,방이1동 -> 풍납2동,2,11.55
S25,가락시장,11,성내1동,1,10.46
S25,가락시장,12,구의3동,1,12.97
S25,가락시장,13,고덕1동 -> 고덕2동,2,19.93
S25,가락시장,14,암사3동 -> 천호3동,2,17.72
S25,가락시장,15,성내2동 -> 천호1동,2,14.83
S25,가락시장,16,잠실2동,1,11.74
S25,가락시장,17,자양2동 -> 송파2동,2,12.36
S25,가락시장,18,성내3동 -> 오륜동,2,9.58
S25,가락시장,19,상일2동 -> 강일동,2,24.25
S25,가락시장,20,세곡동,1,7.45
S25,가락시장,21,암사1동 -> 암사2동,2,17.49
S25,가락시장,22,명일2동 -> 명일1동,2,15.96
S25,가락시장,23,잠실3동,1,7.12
S25,가락시장,24,방이2동,1,5.71
S25,가락시장,25,위례동,1,5.62
S25,가락시장,26,오금동,1,4.65
S25,가락시장,27,석촌동,1,4.39
S25,가락시장,28,송파1동,1,4.25
S25,가락시장,29,문정2동 -> 세곡동 -> 장지동,3,8.79
S25,가락시장,30,일원1동 -> 가락1동,2,7.11
S25,가락시장,31,수서동 -> 일원본동,2,6.95
S25,가락시장,32,문정2동,1,3.18
S25,가락시장,33,가락2동,1,2.77
S25,가락시장,34,상일1동,1,17.15
S25,가락시장,35,가락본동,1,1.58
S25,노원,1,쌍문3동 -> 우이동 -> 쌍문4동,3,12.67
S25,노원,2,방학2동 -> 도봉1동 -> 상계10동,3,12.32
S25,노원,3,수유3동 -> 번1동,2,9.61
S25,노원,4,월계3동 -> 신내2동 -> 공릉2동,3,16.98
S25,노원,5,신내1동,1,13.76
S25,노원,6,창1동 -> 창2동,2,6.82
S25,노원,7,공릉1동,1,8.08
S25,노원,8,창3동 -> 번3동 -> 월계1동,3,13.22
S25,노원,9,쌍문1동 -> 방학3동,2,10.74
S25,노원,10,창4동,1,2.67
S25,노원,11,공릉2동,1,11.82
S25,노원,12,수유2동 -> 인수동,2,12.4
S25,노원,13,상계6·7동,1,2.56
S25,노원,14,상계1동,1,7.06
S25,노원,15,번2동 -> 미아동 -> 수유1동,3,14.81
S25,노원,16,방학1동 -> 상계8동,2,6.07
S25,노원,17,하계1동 -> 월계2동,2,9.03
S25,노원,18,창5동 -> 쌍문2동,2,6.13
S25,노원,19,상계9동 -> 도봉2동,2,7.47
S25,노원,20,하계2동 -> 중계2·3동,2,5.84
S25,노원,21,중계1동 -> 중계본동,2,5.21
S25,노원,22,상계2동 -> 상계5동,2,3.24
S25,노원,23,묵1동,1,11.22
S25,노원,24,상계3·4동 -> 중계4동,2,7.34
S25,녹번,1,상암동,1,15.32
S25,녹번,2,남가좌1동 -> 망원2동 -> 성산1동,3,14.41
S25,녹번,3,성산2동,1,11.24
S25,녹번,4,진관동 -> 불광2동,2,10.97
S25,녹번,5,진관동,1,10.87
S25,녹번,6,연희동,1,7.83
S25,녹번,7,북가좌2동,1,7.18
S25,녹번,8,북가좌2동 -> 북가좌1동 -> 수색동,3,10.93
S25,녹번,9,홍은1동 -> 대조동,2,8.88
S25,녹번,10,갈현2동 -> 갈현1동,2,8.0
S25,녹번,11,불광1동,1,5.59
S25,녹번,12,응암3동 -> 신사1동,2,6.72
S25,녹번,13,홍제1동 -> 홍제2동,2,6.16
S25,녹번,14,홍은2동 -> 남가좌2동,2,8.58
S25,녹번,15,부암동 -> 평창동 -> 홍제3동,3,14.05
S25,녹번,16,응암1동,1,2.74
S25,녹번,17,역촌동,1,4.24
S25,녹번,18,신사2동 -> 구산동,2,8.59
S25,녹번,19,녹번동,1,2.77
S25,녹번,20,응암2동 -> 증산동,2,7.67
S25,도곡,1,역삼1동,1,5.91
S25,도곡,2,대치1동,1,1.58
S25,도곡,3,삼성2동,1,5.81
S25,도곡,4,서초2동,1,5.68
S25,도곡,5,양재1동 -> 양재2동,2,13.6
S25,도곡,6,역삼2동 -> 역삼1동,2,5.91
S25,도곡,7,도곡2동,1,1.17
S25,도곡,8,논현2동,1,7.28
S25,도곡,9,논현2동 -> 청담동 -> 삼성2동,3,10.47
S25,도곡,10,논현1동 -> 신사동 -> 압구정동,3,12.72
S25,도곡,11,잠실본동,1,7.55
S25,도곡,12,역삼2동,1,3.42
S25,도곡,13,도곡1동 -> 내곡동,2,13.99
S25,도곡,14,대치4동,1,2.79
S25,도곡,15,서초1동 -> 서초2동,2,7.06
S25,도곡,16,역삼1동,1,5.91
S25,도곡,17,양재1동,1,8.13
S25,도곡,18,삼성1동 -> 잠실7동 -> 잠실본동 -> 대치2동,4,10.81
S25,도곡,19,개포2동 -> 개포3동,2,6.73
S25,도곡,20,개포4동 -> 개포1동,2,5.55
S25,도곡,21,대치2동,1,3.64
S25,도곡,22,압구정동,1,10.0
S25,도곡,23,청담동,1,8.85
S25,도곡,24,논현1동,1,8.35
S25,양천구청,1,등촌1동 -> 염창동,2,13.06
S25,양천구청,2,공항동 -> 신정3동,2,17.47
S25,양천구청,3,시흥5동 -> 시흥1동,2,19.33
S25,양천구청,4,독산2동 -> 시흥4동 -> 독산4동 -> 가리봉동,4,16.27
S25,양천구청,5,미성동 -> 시흥3동 -> 독산1동,3,22.31
S25,양천구청,6,대림2동 -> 독산3동,2,13.63
S25,양천구청,7,구로3동 -> 신사동 -> 대림1동,3,14.34
S25,양천구청,8,개봉1동,1,4.58
S25,양천구청,9,가양2동 -> 가양1동,2,17.86
S25,양천구청,10,우장산동 -> 화곡6동 -> 가양3동,3,14.63
S25,양천구청,11,양평1동 -> 도림동,2,10.07
S25,양천구청,12,방화2동 -> 방화3동,2,24.98
S25,양천구청,13,가양1동,1,16.3
S25,양천구청,14,발산1동 -> 방화1동,2,18.74
S25,양천구청,15,발산1동,1,13.88
S25,양천구청,16,독산1동,1,13.77
S25,양천구청,17,대방동 -> 신길5동,2,13.89
S25,양천구청,18,신길7동 -> 당산2동 -> 합정동,3,19.74
S25,양천구청,19,염창동,1,11.85
S25,양천구청,20,신월5동 -> 등촌3동,2,15.52
S25,양천구청,21,가산동,1,11.41
S25,양천구청,22,가산동,1,11.41
S25,양천구청,23,가산동,1,11.41
S25,양천구청,24,신대방1동 -> 조원동,2,13.32
S25,양천구청,25,신대방2동 -> 신길6동,2,13.66
S25,양천구청,26,우장산동,1,11.09
S25,양천구청,27,신길1동 -> 영등포본동,2,12.72
S25,양천구청,28,당산2동,1,10.35
S25,양천구청,29,신월1동 -> 화곡3동,2,10.91
S25,양천구청,30,목5동 -> 양평2동,2,10.71
S25,양천구청,31,영등포동,1,9.83
S25,양천구청,32,구로3동,1,9.81
S25,양천구청,33,신월4동 -> 목2동,2,12.42
S25,양천구청,34,화곡본동,1,9.13
S25,양천구청,35,오류2동,1,8.75
S25,양천구청,36,등촌2동 -> 화곡4동,2,9.47
S25,양천구청,37,목4동 -> 목3동,2,8.7
S25,양천구청,38,구로4동 -> 대림3동 -> 신도림동,3,9.62
S25,양천구청,39,구로2동 -> 신길3동,2,10.94
S25,양천구청,40,화곡1동 -> 신월3동 -> 신월7동 -> 신월6동,4,11.79
S25,양천구청,41,화곡1동,1,7.78
S25,양천구청,42,수궁동 -> 항동,2,12.86
S25,양천구청,43,문래동,1,7.25
S25,양천구청,44,화곡2동 -> 화곡8동,2,7.88
S25,양천구청,45,목5동,1,6.87
S25,양천구청,46,당산1동 -> 영등포동,2,10.05
S25,양천구청,47,구로5동 -> 신길4동,2,11.5
S25,양천구청,48,신정7동 -> 오류1동,2,6.76
S25,양천구청,49,개봉3동 -> 개봉2동,2,7.49
S25,양천구청,50,신정3동,1,5.2
S25,양천구청,51,목1동,1,5.14
S25,양천구청,52,신도림동,1,4.78
S25,양천구청,53,신정4동,1,3.78
S25,양천구청,54,고척2동,1,3.3
S25,양천구청,55,신정1동 -> 신월2동,2,5.12
S25,양천구청,56,구로1동 -> 고척1동,2,7.22
S25,양천구청,57,신정6동 -> 신정2동,2,3.38
S25,청량리,1,능동 -> 구의2동 -> 장안1동,3,13.87
S25,청량리,2,길음1동 -> 돈암2동,2,10.83
S25,청량리,3,장안2동,1,6.44
S25,청량리,4,화양동,1,14.52
S25,청량리,5,자양4동 -> 약수동 -> 금호1가동,3,20.41
S25,청량리,6,망우3동 -> 망우본동,2,14.58
S25,청량리,7,정릉3동 -> 정릉2동 -> 동선동,3,14.44
S25,청량리,8,장위3동 -> 삼각산동,2,15.18
S25,청량리,9,성수2가3동,1,11.16
S25,청량리,10,성수2가3동,1,11.16
S25,청량리,11,성수2가3동,1,11.16
S25,청량리,12,성수1가1동,1,10.55
S25,청량리,13,중화1동 -> 상봉1동,2,11.05
S25,청량리,14,광장동,1,15.34
S25,청량리,15,면목5동 -> 면목본동,2,10.67
S25,청량리,16,군자동 -> 중곡2동,2,11.86
S25,청량리,17,송천동 -> 정릉4동 -> 돈암1동,3,15.9
S25,청량리,18,다산동,1,10.08
S25,청량리,19,면목4동 -> 중곡4동,2,13.67
S25,청량리,20,용신동 -> 보문동,2,5.88
S25,청량리,21,월곡1동 -> 청량리동,2,7.51
S25,청량리,22,청구동 -> 금호2·3가동,2,10.38
S25,청량리,23,묵2동 -> 상봉2동,2,12.28
S25,청량리,24,옥수동 -> 성수1가2동,2,12.66
S25,청량리,25,광희동 -> 창신1동,2,8.91
S25,청량리,26,면목7동 -> 면목3·8동,2,12.53
S25,청량리,27,길음2동 -> 정릉1동,2,10.12
S25,청량리,28,면목2동 -> 중화2동,2,9.79
S25,청량리,29,석관동,1,7.96
S25,청량리,30,돈암1동,1,7.74
S25,청량리,31,응봉동 -> 금호4가동 -> 성수2가1동,3,14.28
S25,청량리,32,삼양동 -> 송중동,2,13.04
S25,청량리,33,신당동 -> 동화동 -> 신당5동,3,8.36
S25,청량리,34,제기동,1,1.92
S25,청량리,35,장안1동,1,6.77
S25,청량리,36,중곡3동 -> 중곡1동 -> 송정동,3,12.34
S25,청량리,37,왕십리2동 -> 황학동,2,7.52
S25,청량리,38,장위1동 -> 월곡2동,2,9.1
S25,청량리,39,행당1동 -> 행당2동,2,6.69
S25,청량리,40,혜화동 -> 이화동 -> 종로5·6가동,3,10.88
S25,청량리,41,휘경1동 -> 이문2동 -> 장위2동,3,10.37
S25,청량리,42,종암동,1,4.94
S25,청량리,43,휘경2동 -> 전농2동,2,8.09
S25,청량리,44,숭인2동 -> 성북동,2,12.28
S25,청량리,45,왕십리도선동,1,4.55
S25,청량리,46,안암동,1,4.17
S25,청량리,47,사근동 -> 마장동,2,6.63
S25,청량리,48,회기동 -> 이문1동,2,6.04
S25,청량리,49,용답동 -> 답십리2동,2,7.2
S25,청량리,50,용신동,1,2.78
S25,청량리,51,삼선동 -> 창신2동 -> 창신3동 -> 숭인1동,4,8.9
S25,청량리,52,전농1동,1,2.4
S25,청량리,53,답십리1동,1,3.34
S25,총신대입구,1,서빙고동 -> 보광동 -> 반포3동 -> 반포본동,4,15.7
S25,총신대입구,2,청림동 -> 은천동,2,10.54
S25,총신대입구,3,난향동 -> 시흥2동 -> 삼성동,3,20.88
S25,총신대입구,4,대학동 -> 청룡동,2,13.52
S25,총신대입구,5,서원동 -> 난곡동,2,15.54
S25,총신대입구,6,보라매동 -> 신원동,2,14.56
S25,총신대입구,7,상도4동,1,11.31
S25,총신대입구,8,노량진1동,1,10.41
S25,총신대입구,9,남현동 -> 인헌동,2,14.89
S25,총신대입구,10,신림동 -> 노량진1동 -> 이촌2동,3,20.8
S25,총신대입구,11,반포1동,1,10.23
S25,총신대입구,12,청룡동,1,9.2
S25,총신대입구,13,잠원동 -> 반포1동 -> 서초4동,3,13.38
S25,총신대입구,14,서초4동,1,8.56
S25,총신대입구,15,낙성대동 -> 서림동,2,13.11
S25,총신대입구,16,상도2동 -> 흑석동,2,11.39
S25,총신대입구,17,노량진2동 -> 상도3동 -> 상도4동,3,15.07
S25,총신대입구,18,상도1동,1,7.69
S25,총신대입구,19,사당5동 -> 행운동,2,7.65
S25,총신대입구,20,서초3동,1,6.32
S25,총신대입구,21,중앙동 -> 성현동,2,9.03
S25,총신대입구,22,반포2동 -> 반포4동,2,7.35
S25,총신대입구,23,방배2동 -> 방배3동,2,5.25
S25,총신대입구,24,사당4동 -> 사당3동,2,4.39
S25,총신대입구,25,사당2동,1,2.82
S25,총신대입구,26,사당1동,1,2.53
S25,총신대입구,27,방배본동 -> 방배1동,2,4.33
S25,총신대입구,28,서초3동 -> 방배4동,2,6.57
S25,충정로,1,여의동 -> 원효로2동 -> 용문동,3,12.27
S25,충정로,2,회현동,1,3.15
S25,충정로,3,을지로동 -> 필동 -> 명동,3,8.41
S25,충정로,4,공덕동 -> 도화동 -> 효창동,3,7.63
S25,충정로,5,이태원1동 -> 한강로동 -> 이촌1동,3,15.88
S25,충정로,6,신촌동 -> 연남동,2,11.06
S25,충정로,7,서강동,1,7.92
S25,충정로,8,소공동 -> 교남동 -> 무악동 -> 천연동,4,7.07
S25,충정로,9,신수동 -> 망원1동,2,13.49
S25,충정로,10,여의동,1,10.74
S25,충정로,11,장충동 -> 한남동,2,15.61
S25,충정로,12,아현동,1,2.89
S25,충정로,13,가회동 -> 종로1·2·3·4가동,2,8.63
S25,충정로,14,신촌동,1,6.56
S25,충정로,15,염리동 -> 용강동,2,6.9
S25,충정로,16,원효로1동 -> 남영동,2,6.32
S25,충정로,17,후암동 -> 용산2가동 -> 이태원2동,3,9.06
S25,충정로,18,삼청동 -> 청운효자동 -> 사직동,3,9.36
S25,충정로,19,한강로동,1,7.99
S25,충정로,20,대흥동,1,4.67
S25,충정로,21,서교동 -> 북아현동,2,8.85
S25,충정로,22,중림동 -> 청파동,2,4.01
S25,충정로,23,공덕동,1,3.37
S25,충정로,24,서교동,1,8.8
S25,충정로,25,충현동,1,2.42
SMAX,가락시장,1,장지동,1,3.74
SMAX,가락시장,2,잠실6동,1,7.73
SMAX,가락시장,3,잠실4동,1,7.36
SMAX,가락시장,4,잠실4동,1,7.36
SMAX,가락시장,5,잠실4동,1,7.36
SMAX,가락시장,6,문정2동,1,3.18
SMAX,가락시장,7,문정2동,1,3.18
SMAX,가락시장,8,문정2동,1,3.18
SMAX,가락시장,9,문정2동,1,3.18
SMAX,가락시장,10,문정2동,1,3.18
SMAX,가락시장,11,문정2동,1,3.18
SMAX,가락시장,12,문정2동,1,3.18
SMAX,가락시장,13,문정1동,1,2.28
SMAX,가락시장,14,문정1동,1,2.28
SMAX,가락시장,15,문정1동,1,2.28
SMAX,가락시장,16,석촌동,1,4.39
SMAX,가락시장,17,석촌동,1,4.39
SMAX,가락시장,18,석촌동,1,4.39
SMAX,가락시장,19,석촌동,1,4.39
SMAX,가락시장,20,석촌동,1,4.39
SMAX,가락시장,21,송파2동,1,3.0
SMAX,가락시장,22,송파2동,1,3.0
SMAX,가락시장,23,방이2동,1,5.71
SMAX,가락시장,24,방이2동,1,5.71
SMAX,가락시장,25,방이2동,1,5.71
SMAX,가락시장,26,장지동,1,3.74
SMAX,가락시장,27,잠실6동,1,7.73
SMAX,가락시장,28,송파2동,1,3.0
SMAX,가락시장,29,송파1동,1,4.25
SMAX,가락시장,30,송파1동,1,4.25
SMAX,가락시장,31,송파1동,1,4.25
SMAX,가락시장,32,방이2동,1,5.71
SMAX,가락시장,33,방이2동,1,5.71
SMAX,가락시장,34,장지동,1,3.74
SMAX,가락시장,35,송파1동,1,4.25
SMAX,가락시장,36,장지동,1,3.74
SMAX,경찰병원,1,마천1동,1,6.85
SMAX,경찰병원,2,위례동 -> 마천1동,2,8.3
SMAX,경찰병원,3,마천2동,1,6.16
SMAX,경찰병원,4,거여2동,1,5.13
SMAX,경찰병원,5,거여2동,1,5.13
SMAX,경찰병원,6,거여2동 -> 거여1동,2,5.13
SMAX,경찰병원,7,위례동,1,4.92
SMAX,경찰병원,8,위례동,1,4.92
SMAX,경찰병원,9,위례동,1,4.92
SMAX,경찰병원,10,위례동,1,4.92
SMAX,경찰병원,11,위례동,1,4.92
SMAX,경찰병원,12,위례동,1,4.92
SMAX,경찰병원,13,가락2동 -> 마천2동,2,6.18
SMAX,경찰병원,14,거여1동,1,3.87
SMAX,경찰병원,15,가락2동,1,1.5
SMAX,경찰병원,16,가락2동,1,1.5
SMAX,경찰병원,17,가락2동,1,1.5
SMAX,경찰병원,18,가락2동,1,1.5
SMAX,경찰병원,19,가락본동,1,0.86
SMAX,경찰병원,20,가락본동,1,0.86
SMAX,경찰병원,21,가락본동,1,0.86
SMAX,경찰병원,22,가락본동,1,0.86
SMAX,경찰병원,23,가락본동,1,0.86
SMAX,경찰병원,24,가락본동,1,0.86
SMAX,노원,1,우이동,1,11.36
SMAX,노원,2,번2동,1,10.35
SMAX,노원,3,월계3동,1,9.02
SMAX,노원,4,미아동,1,11.11
SMAX,노원,5,월계3동,1,9.02
SMAX,노원,6,방학3동,1,8.19
SMAX,노원,7,월계3동,1,9.02
SMAX,노원,8,방학3동,1,8.19
SMAX,노원,9,공릉1동,1,8.08
SMAX,노원,10,방학3동,1,8.19
SMAX,노원,11,공릉1동,1,8.08
SMAX,노원,12,공릉1동,1,8.08
SMAX,노원,13,공릉1동,1,8.08
SMAX,노원,14,창3동,1,7.48
SMAX,노원,15,방학2동,1,7.24
SMAX,노원,16,공릉1동,1,8.08
SMAX,노원,17,월계2동,1,7.13
SMAX,노원,18,창2동,1,6.82
SMAX,노원,19,방학1동 -> 방학2동,2,7.44
SMAX,노원,20,월계2동,1,7.13
SMAX,노원,21,창2동,1,6.82
SMAX,노원,22,창2동 -> 창3동 -> 월계2동,3,10.35
SMAX,노원,23,하계2동,1,5.61
SMAX,노원,24,창2동,1,6.82
SMAX,노원,25,방학1동,1,5.32
SMAX,노원,26,방학1동,1,5.32
SMAX,노원,27,하계2동,1,5.61
SMAX,노원,28,창1동,1,4.54
SMAX,노원,29,창1동,1,4.54
SMAX,노원,30,방학1동,1,5.32
SMAX,노원,31,중계2·3동,1,3.59
SMAX,노원,32,중계2·3동,1,3.59
SMAX,노원,33,창4동 -> 창1동,2,4.66
SMAX,노원,34,중계2·3동,1,3.59
SMAX,노원,35,창4동,1,2.67
SMAX,노원,36,창4동,1,2.67
SMAX,노원,37,번2동 -> 미아동 -> 중계2·3동,3,13.24
SMAX,노원,38,창4동,1,2.67
SMAX,노원,39,상계6·7동,1,2.56
SMAX,노원,40,상계6·7동,1,2.56
SMAX,노원,41,상계6·7동,1,2.56
SMAX,노원,42,상계10동,1,2.19
SMAX,노원,43,상계10동,1,2.19
SMAX,노원,44,상계6·7동,1,2.56
SMAX,노원,45,상계6·7동 -> 하계2동 -> 월계3동,3,9.36
SMAX,노원,46,상계2동,1,0.82
SMAX,노원,47,우이동,1,11.36
SMAX,노원,48,상계2동,1,0.82
SMAX,노원,49,상계2동,1,0.82
SMAX,노원,50,미아동,1,11.11
SMAX,녹번,1,증산동,1,7.57
SMAX,녹번,2,증산동,1,7.57
SMAX,녹번,3,신사2동,1,6.25
SMAX,녹번,4,신사2동,1,6.25
SMAX,녹번,5,응암3동,1,5.19
SMAX,녹번,6,응암3동,1,5.19
SMAX,녹번,7,응암3동,1,5.19
SMAX,녹번,8,신사1동,1,5.02
SMAX,녹번,9,신사1동,1,5.02
SMAX,녹번,10,신사1동,1,5.02
SMAX,녹번,11,응암2동,1,3.68
SMAX,녹번,12,응암2동,1,3.68
SMAX,녹번,13,응암2동,1,3.68
SMAX,녹번,14,응암1동,1,2.74
SMAX,녹번,15,응암1동,1,2.74
SMAX,녹번,16,응암1동,1,2.74
SMAX,녹번,17,응암1동,1,2.74
SMAX,녹번,18,응암1동 -> 응암2동,2,4.11
SMAX,매봉,1,양재1동,1,6.36
SMAX,매봉,2,양재1동,1,6.36
SMAX,매봉,3,양재1동,1,6.36
SMAX,매봉,4,양재1동,1,6.36
SMAX,매봉,5,양재1동,1,6.36
SMAX,매봉,6,양재1동,1,6.36
SMAX,매봉,7,서초2동,1,3.91
SMAX,매봉,8,서초2동,1,3.91
SMAX,매봉,9,서초2동,1,3.91
SMAX,매봉,10,서초2동,1,3.91
SMAX,매봉,11,서초2동,1,3.91
SMAX,매봉,12,서초2동,1,3.91
SMAX,매봉,13,역삼2동,1,3.65
SMAX,매봉,14,역삼2동,1,3.65
SMAX,매봉,15,역삼2동,1,3.65
SMAX,매봉,16,역삼2동,1,3.65
SMAX,매봉,17,역삼2동,1,3.65
SMAX,매봉,18,역삼2동,1,3.65
SMAX,매봉,19,역삼2동,1,3.65
SMAX,매봉,20,도곡1동,1,1.63
SMAX,매봉,21,도곡1동,1,1.63
SMAX,매봉,22,도곡1동,1,1.63
SMAX,매봉,23,도곡1동 -> 서초2동 -> 역삼2동,3,6.33
SMAX,매봉,24,도곡2동,1,1.18
SMAX,매봉,25,도곡2동,1,1.18
SMAX,매봉,26,도곡2동,1,1.18
SMAX,매봉,27,도곡2동,1,1.18
SMAX,매봉,28,도곡2동,1,1.18
SMAX,매봉,29,도곡2동,1,1.18
SMAX,불광,1,구산동,1,4.54
SMAX,불광,2,구산동,1,4.54
SMAX,불광,3,구산동,1,4.54
SMAX,불광,4,갈현1동,1,4.2
SMAX,불광,5,갈현1동,1,4.2
SMAX,불광,6,갈현2동,1,4.19
SMAX,불광,7,갈현2동,1,4.19
SMAX,불광,8,갈현2동,1,4.19
SMAX,불광,9,대조동,1,1.75
SMAX,불광,10,대조동,1,1.75
SMAX,불광,11,대조동,1,1.75
SMAX,불광,12,대조동 -> 갈현2동 -> 구산동,3,5.35
SMAX,상계,1,신내1동,1,14.43
SMAX,상계,2,신내1동,1,14.43
SMAX,상계,3,신내1동,1,14.43
SMAX,상계,4,신내1동,1,14.43
SMAX,상계,5,신내2동,1,13.63
SMAX,상계,6,신내2동 -> 공릉2동,2,16.04
SMAX,상계,7,공릉2동,1,12.49
SMAX,상계,8,공릉2동,1,12.49
SMAX,상계,9,공릉2동,1,12.49
SMAX,상계,10,공릉2동,1,12.49
SMAX,상계,11,공릉2동,1,12.49
SMAX,상계,12,공릉2동,1,12.49
SMAX,상계,13,도봉1동,1,10.94
SMAX,상계,14,도봉1동,1,10.94
SMAX,상계,15,도봉2동,1,7.36
SMAX,상계,16,도봉2동,1,7.36
SMAX,상계,17,상계3·4동 -> 도봉2동,2,10.93
SMAX,상계,18,상계1동,1,7.33
SMAX,상계,19,상계1동,1,7.33
SMAX,상계,20,상계1동,1,7.33
SMAX,상계,21,상계1동,1,7.33
SMAX,상계,22,하계1동,1,5.69
SMAX,상계,23,하계1동,1,5.69
SMAX,상계,24,하계1동,1,5.69
SMAX,상계,25,중계본동,1,4.68
SMAX,상계,26,중계본동,1,4.68
SMAX,상계,27,중계본동 -> 신내1동,2,15.55
SMAX,상계,28,상계8동,1,4.6
SMAX,상계,29,상계8동,1,4.6
SMAX,상계,30,상계8동 -> 상계1동,2,8.46
SMAX,상계,31,상계3·4동,1,4.06
SMAX,상계,32,상계3·4동,1,4.06
SMAX,상계,33,상계9동,1,3.38
SMAX,상계,34,상계9동,1,3.38
SMAX,상계,35,중계1동,1,2.49
SMAX,상계,36,중계1동,1,2.49
SMAX,상계,37,중계1동,1,2.49
SMAX,상계,38,중계4동,1,1.77
SMAX,상계,39,중계4동,1,1.77
SMAX,상계,40,상계5동,1,1.43
SMAX,상계,41,상계5동,1,1.43
SMAX,상계,42,상계5동 -> 상계9동,2,3.38
SMAX,서울역,1,남영동 -> 청파동,2,3.54
SMAX,서울역,2,한강로동,1,5.95
SMAX,서울역,3,한강로동,1,5.95
SMAX,서울역,4,중림동,1,2.63
SMAX,서울역,5,염리동,1,6.4
SMAX,서울역,6,한강로동,1,5.95
SMAX,서울역,7,한강로동,1,5.95
SMAX,서울역,8,효창동,1,4.44
SMAX,서울역,9,효창동 -> 염리동,2,7.55
SMAX,서울역,10,공덕동,1,4.38
SMAX,서울역,11,원효로1동,1,4.17
SMAX,서울역,12,원효로1동 -> 한강로동,2,6.35
SMAX,서울역,13,공덕동,1,4.38
SMAX,서울역,14,한강로동,1,5.95
SMAX,서울역,15,원효로1동,1,4.17
SMAX,서울역,16,원효로1동,1,4.17
SMAX,서울역,17,남영동,1,2.7
SMAX,서울역,18,원효로1동,1,4.17
SMAX,서울역,19,공덕동,1,4.38
SMAX,서울역,20,용문동,1,5.11
SMAX,서울역,21,중림동,1,2.63
SMAX,서울역,22,청파동,1,2.32
SMAX,서울역,23,청파동,1,2.32
SMAX,서울역,24,청파동,1,2.32
SMAX,서울역,25,후암동,1,2.21
SMAX,서울역,26,후암동,1,2.21
SMAX,서울역,27,후암동,1,2.21
SMAX,서울역,28,공덕동,1,4.38
SMAX,서울역,29,공덕동,1,4.38
SMAX,서울역,30,공덕동,1,4.38
SMAX,서울역,31,한강로동,1,5.95
SMAX,서초,1,반포2동,1,4.39
SMAX,서초,2,반포2동,1,4.39
SMAX,서초,3,서초4동,1,3.55
SMAX,서초,4,서초4동,1,3.55
SMAX,서초,5,서초4동,1,3.55
SMAX,서초,6,서초4동,1,3.55
SMAX,서초,7,서초4동,1,3.55
SMAX,서초,8,서초1동 -> 서초4동,2,5.04
SMAX,서초,9,방배1동,1,3.33
SMAX,서초,10,방배1동,1,3.33
SMAX,서초,11,서초3동 -> 방배1동,2,4.04
SMAX,서초,12,서초1동,1,3.13
SMAX,서초,13,서초1동,1,3.13
SMAX,서초,14,서초1동,1,3.13
SMAX,서초,15,서초1동,1,3.13
SMAX,서초,16,반포4동,1,2.17
SMAX,서초,17,반포4동,1,2.17
SMAX,서초,18,반포4동,1,2.17
SMAX,서초,19,서초3동,1,1.61
SMAX,서초,20,서초3동,1,1.61
SMAX,서초,21,서초3동,1,1.61
SMAX,서초,22,서초3동,1,1.61
SMAX,서초,23,서초3동,1,1.61
SMAX,서초,24,서초3동,1,1.61
SMAX,서초,25,서초3동,1,1.61
SMAX,서초,26,반포2동,1,4.39
SMAX,수서,1,양재2동,1,15.97
SMAX,수서,2,대치4동 -> 개포3동,2,12.66
SMAX,수서,3,양재2동,1,15.97
SMAX,수서,4,양재2동,1,15.97
SMAX,수서,5,양재2동,1,15.97
SMAX,수서,6,양재2동,1,15.97
SMAX,수서,7,대치2동,1,8.13
SMAX,수서,8,내곡동,1,13.66
SMAX,수서,9,내곡동 -> 수서동,2,12.8
SMAX,수서,10,개포4동,1,10.78
SMAX,수서,11,개포4동,1,10.78
SMAX,수서,12,개포4동,1,10.78
SMAX,수서,13,개포4동,1,10.78
SMAX,수서,14,대치4동,1,10.6
SMAX,수서,15,대치4동,1,10.6
SMAX,수서,16,대치4동,1,10.6
SMAX,수서,17,대치4동,1,10.6
SMAX,수서,18,개포1동,1,9.73
SMAX,수서,19,잠실7동,1,9.04
SMAX,수서,20,대치1동,1,8.95
SMAX,수서,21,대치1동,1,8.95
SMAX,수서,22,대치1동,1,8.95
SMAX,수서,23,일원1동,1,4.34
SMAX,수서,24,잠실본동 -> 잠실7동 -> 대치1동,3,12.66
SMAX,수서,25,대치2동,1,8.13
SMAX,수서,26,대치2동,1,8.13
SMAX,수서,27,대치2동,1,8.13
SMAX,수서,28,대치2동,1,8.13
SMAX,수서,29,대치2동,1,8.13
SMAX,수서,30,잠실3동,1,7.72
SMAX,수서,31,잠실3동,1,7.72
SMAX,수서,32,잠실3동,1,7.72
SMAX,수서,33,잠실3동,1,7.72
SMAX,수서,34,잠실3동,1,7.72
SMAX,수서,35,개포2동,1,7.44
SMAX,수서,36,개포2동,1,7.44
SMAX,수서,37,개포2동,1,7.44
SMAX,수서,38,개포2동,1,7.44
SMAX,수서,39,잠실본동,1,7.43
SMAX,수서,40,잠실본동,1,7.43
SMAX,수서,41,잠실본동,1,7.43
SMAX,수서,42,잠실본동,1,7.43
SMAX,수서,43,잠실본동,1,7.43
SMAX,수서,44,잠실본동,1,7.43
SMAX,수서,45,삼전동,1,5.5
SMAX,수서,46,삼전동,1,5.5
SMAX,수서,47,삼전동,1,5.5
SMAX,수서,48,삼전동,1,5.5
SMAX,수서,49,삼전동,1,5.5
SMAX,수서,50,세곡동,1,4.36
SMAX,수서,51,세곡동,1,4.36
SMAX,수서,52,세곡동,1,4.36
SMAX,수서,53,세곡동,1,4.36
SMAX,수서,54,세곡동,1,4.36
SMAX,수서,55,세곡동,1,4.36
SMAX,수서,56,일원1동,1,4.34
SMAX,수서,57,세곡동 -> 양재2동 -> 개포4동 -> 개포2동,4,17.4
SMAX,수서,58,일원본동,1,3.75
SMAX,수서,59,일원본동,1,3.75
SMAX,수서,60,일원본동,1,3.75
SMAX,수서,61,가락1동,1,2.8
SMAX,수서,62,가락1동,1,2.8
SMAX,수서,63,가락1동,1,2.8
SMAX,수서,64,수서동,1,0.25
SMAX,수서,65,수서동,1,0.25
SMAX,수서,66,가락1동,1,2.8
SMAX,신답,1,반포3동,1,18.14
SMAX,신답,2,반포3동,1,18.14
SMAX,신답,3,반포3동,1,18.14
SMAX,신답,4,성수1가1동,1,8.83
SMAX,신답,5,성수1가1동,1,8.83
SMAX,신답,6,성수1가1동,1,8.83
SMAX,신답,7,성수1가1동,1,8.83
SMAX,신답,8,성수1가1동,1,8.83
SMAX,신답,9,성수1가2동,1,6.75
SMAX,신답,10,성수1가2동,1,6.75
SMAX,신답,11,성수1가2동,1,6.75
SMAX,신답,12,사근동,1,3.78
SMAX,신답,13,사근동,1,3.78
SMAX,신답,14,마장동,1,2.97
SMAX,신답,15,마장동,1,2.97
SMAX,신답,16,마장동,1,2.97
SMAX,신답,17,성수1가2동 -> 마장동,2,7.42
SMAX,신설동,1,소공동,1,10.36
SMAX,신설동,2,명동,1,9.35
SMAX,신설동,3,다산동,1,6.6
SMAX,신설동,4,종로1·2·3·4가동,1,7.22
SMAX,신설동,5,다산동,1,6.6
SMAX,신설동,6,천연동,1,13.12
SMAX,신설동,7,신촌동,1,16.32
SMAX,신설동,8,소공동,1,10.36
SMAX,신설동,9,광희동,1,5.31
SMAX,신설동,10,신촌동,1,16.32
SMAX,신설동,11,장충동,1,15.88
SMAX,신설동,12,광희동,1,5.31
SMAX,신설동,13,신촌동,1,16.32
SMAX,신설동,14,이태원1동,1,13.01
SMAX,신설동,15,교남동 -> 홍제2동,2,15.77
SMAX,신설동,16,홍제2동,1,15.77
SMAX,신설동,17,장충동 -> 다산동,2,12.41
SMAX,신설동,18,신촌동,1,16.32
SMAX,신설동,19,이태원2동,1,11.65
SMAX,신설동,20,이태원2동 -> 약수동,2,12.05
SMAX,신설동,21,종로1·2·3·4가동,1,7.22
SMAX,신설동,22,이태원1동 -> 황학동,2,13.13
SMAX,신설동,23,명동,1,9.35
SMAX,신설동,24,신촌동,1,16.32
SMAX,신설동,25,신당동 -> 용산2가동,2,12.36
SMAX,신설동,26,종로1·2·3·4가동 -> 천연동,2,13.54
SMAX,신설동,27,종로1·2·3·4가동,1,7.22
SMAX,신설동,28,종로1·2·3·4가동,1,7.22
SMAX,신설동,29,약수동,1,7.9
SMAX,신설동,30,다산동,1,6.6
SMAX,신설동,31,필동,1,8.24
SMAX,신설동,32,다산동,1,6.6
SMAX,신설동,33,숭인2동 -> 필동,2,8.24
SMAX,신설동,34,충현동,1,12.82
SMAX,신설동,35,신촌동,1,16.32
SMAX,신설동,36,신촌동,1,16.32
SMAX,신설동,37,무악동,1,13.48
SMAX,신설동,38,광희동,1,5.31
SMAX,신설동,39,광희동,1,5.31
SMAX,신설동,40,종로5·6가동,1,4.07
SMAX,신설동,41,을지로동 -> 종로5·6가동,2,7.15
SMAX,신설동,42,광희동,1,5.31
SMAX,신설동,43,충현동,1,12.82
SMAX,신설동,44,신당동,1,3.88
SMAX,신설동,45,신당동,1,3.88
SMAX,신설동,46,황학동,1,2.48
SMAX,신설동,47,황학동,1,2.48
SMAX,신설동,48,숭인2동,1,1.02
SMAX,신설동,49,숭인2동,1,1.02
SMAX,신설동,50,명동,1,9.35
SMAX,신설동,51,충현동,1,12.82
SMAX,신설동,52,신촌동,1,16.32
SMAX,신설동,53,충현동,1,12.82
SMAX,신설동,54,약수동,1,7.9
SMAX,신설동,55,종로1·2·3·4가동,1,7.22
SMAX,신정네거리,1,화곡6동,1,8.41
SMAX,신정네거리,2,화곡6동,1,8.41
SMAX,신정네거리,3,화곡6동,1,8.41
SMAX,신정네거리,4,화곡8동,1,3.82
SMAX,신정네거리,5,우장산동,1,7.78
SMAX,신정네거리,6,우장산동,1,7.78
SMAX,신정네거리,7,우장산동,1,7.78
SMAX,신정네거리,8,우장산동,1,7.78
SMAX,신정네거리,9,우장산동,1,7.78
SMAX,신정네거리,10,우장산동,1,7.78
SMAX,신정네거리,11,화곡3동,1,6.7
SMAX,신정네거리,12,화곡3동,1,6.7
SMAX,신정네거리,13,화곡3동,1,6.7
SMAX,신정네거리,14,화곡3동 -> 화곡1동,2,7.06
SMAX,신정네거리,15,화곡본동,1,5.83
SMAX,신정네거리,16,화곡본동,1,5.83
SMAX,신정네거리,17,화곡본동,1,5.83
SMAX,신정네거리,18,화곡본동,1,5.83
SMAX,신정네거리,19,화곡1동,1,4.48
SMAX,신정네거리,20,화곡1동,1,4.48
SMAX,신정네거리,21,화곡1동,1,4.48
SMAX,신정네거리,22,화곡1동,1,4.48
SMAX,신정네거리,23,화곡1동,1,4.48
SMAX,신정네거리,24,화곡1동,1,4.48
SMAX,신정네거리,25,화곡1동,1,4.48
SMAX,신정네거리,26,화곡8동,1,3.82
SMAX,신정네거리,27,화곡8동,1,3.82
SMAX,신정네거리,28,화곡6동 -> 화곡본동,2,8.41
SMAX,신정네거리,29,신월2동,1,1.68
SMAX,신정네거리,30,신월2동,1,1.68
SMAX,아현,1,대흥동,1,3.03
SMAX,아현,2,대흥동,1,3.03
SMAX,아현,3,대흥동,1,3.03
SMAX,아현,4,대흥동,1,3.03
SMAX,아현,5,대흥동,1,3.03
SMAX,아현,6,대흥동,1,3.03
SMAX,양천구청,1,수색동,1,21.42
SMAX,양천구청,2,수색동,1,21.42
SMAX,양천구청,3,신정6동 -> 북가좌1동 -> 수색동,3,22.39
SMAX,양천구청,4,상암동,1,18.88
SMAX,양천구청,5,상암동,1,18.88
SMAX,양천구청,6,상암동,1,18.88
SMAX,양천구청,7,상암동,1,18.88
SMAX,양천구청,8,상암동,1,18.88
SMAX,양천구청,9,성산2동 -> 상암동,2,21.73
SMAX,양천구청,10,성산2동,1,17.86
SMAX,양천구청,11,성산2동,1,17.86
SMAX,양천구청,12,성산2동,1,17.86
SMAX,양천구청,13,성산2동,1,17.86
SMAX,양천구청,14,성산2동,1,17.86
SMAX,양천구청,15,가양1동,1,16.3
SMAX,양천구청,16,가양1동,1,16.3
SMAX,양천구청,17,가양1동,1,16.3
SMAX,양천구청,18,가양1동,1,16.3
SMAX,양천구청,19,가양1동,1,16.3
SMAX,양천구청,20,가양1동,1,16.3
SMAX,양천구청,21,가양1동,1,16.3
SMAX,양천구청,22,가양1동,1,16.3
SMAX,양천구청,23,가양1동,1,16.3
SMAX,양천구청,24,가양1동 -> 신정4동,2,16.52
SMAX,양천구청,25,가양2동,1,15.34
SMAX,양천구청,26,등촌1동 -> 가양2동,2,15.68
SMAX,양천구청,27,등촌3동,1,13.86
SMAX,양천구청,28,등촌3동,1,13.86
SMAX,양천구청,29,등촌3동,1,13.86
SMAX,양천구청,30,등촌3동,1,13.86
SMAX,양천구청,31,가양3동,1,12.57
SMAX,양천구청,32,가양3동,1,12.57
SMAX,양천구청,33,염창동,1,11.85
SMAX,양천구청,34,염창동,1,11.85
SMAX,양천구청,35,염창동,1,11.85
SMAX,양천구청,36,염창동,1,11.85
SMAX,양천구청,37,염창동,1,11.85
SMAX,양천구청,38,염창동,1,11.85
SMAX,양천구청,39,염창동 -> 등촌2동,2,12.0
SMAX,양천구청,40,등촌1동,1,11.42
SMAX,양천구청,41,등촌1동,1,11.42
SMAX,양천구청,42,등촌1동,1,11.42
SMAX,양천구청,43,등촌1동,1,11.42
SMAX,양천구청,44,목2동,1,9.18
SMAX,양천구청,45,목2동,1,9.18
SMAX,양천구청,46,목2동,1,9.18
SMAX,양천구청,47,목2동,1,9.18
SMAX,양천구청,48,등촌2동,1,8.48
SMAX,양천구청,49,등촌2동,1,8.48
SMAX,양천구청,50,등촌2동,1,8.48
SMAX,양천구청,51,목3동,1,8.43
SMAX,양천구청,52,목3동,1,8.43
SMAX,양천구청,53,신정2동 -> 목5동,2,7.06
SMAX,양천구청,54,화곡2동,1,7.07
SMAX,양천구청,55,화곡2동,1,7.07
SMAX,양천구청,56,화곡4동,1,6.91
SMAX,양천구청,57,화곡4동,1,6.91
SMAX,양천구청,58,목5동,1,6.87
SMAX,양천구청,59,목5동,1,6.87
SMAX,양천구청,60,목5동,1,6.87
SMAX,양천구청,61,목5동,1,6.87
SMAX,양천구청,62,목5동,1,6.87
SMAX,양천구청,63,목5동,1,6.87
SMAX,양천구청,64,신정1동 -> 화곡2동 -> 화곡4동 -> 목3동,4,10.24
SMAX,양천구청,65,목4동,1,6.45
SMAX,양천구청,66,목4동,1,6.45
SMAX,양천구청,67,목4동 -> 신정7동,2,7.84
SMAX,양천구청,68,목1동,1,5.14
SMAX,양천구청,69,목1동,1,5.14
SMAX,양천구청,70,목1동,1,5.14
SMAX,양천구청,71,목1동,1,5.14
SMAX,양천구청,72,목1동,1,5.14
SMAX,양천구청,73,신정4동,1,3.78
SMAX,양천구청,74,신정4동,1,3.78
SMAX,양천구청,75,신정4동,1,3.78
SMAX,양천구청,76,신정4동,1,3.78
SMAX,양천구청,77,신정2동,1,3.22
SMAX,양천구청,78,신정2동,1,3.22
SMAX,양천구청,79,신정1동,1,2.22
SMAX,양천구청,80,신정1동,1,2.22
SMAX,양천구청,81,신정7동,1,2.14
SMAX,양천구청,82,신정7동,1,2.14
SMAX,양천구청,83,신정7동,1,2.14
SMAX,양천구청,84,신정6동,1,1.63
SMAX,양천구청,85,신정6동,1,1.63
SMAX,양천구청,86,신정6동,1,1.63
SMAX,오금,1,둔촌2동,1,8.57
SMAX,오금,2,둔촌2동,1,8.57
SMAX,오금,3,둔촌2동,1,8.57
SMAX,오금,4,성내3동,1,6.85
SMAX,오금,5,성내3동,1,6.85
SMAX,오금,6,방이1동 -> 성내3동,2,7.51
SMAX,오금,7,오륜동,1,3.61
SMAX,오금,8,오륜동,1,3.61
SMAX,오금,9,오륜동 -> 둔촌2동 -> 둔촌1동,3,10.19
SMAX,오금,10,방이1동,1,2.51
SMAX,오금,11,방이1동,1,2.51
SMAX,오금,12,오금동,1,1.85
SMAX,오금,13,오금동,1,1.85
SMAX,오금,14,오금동,1,1.85
SMAX,오금,15,오금동,1,1.85
SMAX,오금,16,오금동,1,1.85
SMAX,용답,1,상일1동,1,23.24
SMAX,용답,2,상일1동,1,23.24
SMAX,용답,3,상일1동,1,23.24
SMAX,용답,4,상일1동,1,23.24
SMAX,용답,5,상일1동,1,23.24
SMAX,용답,6,명일2동,1,21.07
SMAX,용답,7,명일2동,1,21.07
SMAX,용답,8,잠실2동,1,18.73
SMAX,용답,9,잠실2동,1,18.73
SMAX,용답,10,잠실2동,1,18.73
SMAX,용답,11,잠실2동,1,18.73
SMAX,용답,12,잠실2동,1,18.73
SMAX,용답,13,성내1동,1,17.24
SMAX,용답,14,성내1동,1,17.24
SMAX,용답,15,성내1동,1,17.24
SMAX,용답,16,천호3동,1,16.76
SMAX,용답,17,천호3동,1,16.76
SMAX,용답,18,천호3동,1,16.76
SMAX,용답,19,성내1동 -> 천호3동 -> 명일2동,3,23.57
SMAX,용답,20,삼성2동,1,16.63
SMAX,용답,21,삼성2동,1,16.63
SMAX,용답,22,삼성2동,1,16.63
SMAX,용답,23,삼성2동,1,16.63
SMAX,용답,24,삼성2동,1,16.63
SMAX,용답,25,삼성2동,1,16.63
SMAX,용답,26,삼성2동,1,16.63
SMAX,용답,27,삼성2동,1,16.63
SMAX,용답,28,삼성1동,1,15.8
SMAX,용답,29,삼성1동,1,15.8
SMAX,용답,30,삼성1동,1,15.8
SMAX,용답,31,삼성2동 -> 삼성1동,2,17.4
SMAX,용답,32,청담동,1,13.64
SMAX,용답,33,청담동,1,13.64
SMAX,용답,34,청담동,1,13.64
SMAX,용답,35,청담동,1,13.64
SMAX,용답,36,청담동,1,13.64
SMAX,용답,37,청담동,1,13.64
SMAX,용답,38,청담동,1,13.64
SMAX,용답,39,자양2동,1,13.35
SMAX,용답,40,자양2동,1,13.35
SMAX,용답,41,자양2동 -> 잠실2동,2,19.35
SMAX,용답,42,구의3동,1,12.08
SMAX,용답,43,구의3동,1,12.08
SMAX,용답,44,구의3동,1,12.08
SMAX,용답,45,구의3동,1,12.08
SMAX,용답,46,자양3동,1,11.89
SMAX,용답,47,자양3동,1,11.89
SMAX,용답,48,자양3동,1,11.89
SMAX,용답,49,자양4동 -> 자양3동,2,12.38
SMAX,용답,50,자양1동,1,11.78
SMAX,용답,51,자양1동,1,11.78
SMAX,용답,52,자양1동,1,11.78
SMAX,용답,53,광장동,1,11.52
SMAX,용답,54,광장동,1,11.52
SMAX,용답,55,광장동,1,11.52
SMAX,용답,56,광장동,1,11.52
SMAX,용답,57,상일1동 -> 광장동,2,23.56
SMAX,용답,58,성수2가1동,1,11.11
SMAX,용답,59,자양4동,1,10.94
SMAX,용답,60,자양4동,1,10.94
SMAX,용답,61,자양4동,1,10.94
SMAX,용답,62,화양동,1,10.71
SMAX,용답,63,화양동,1,10.71
SMAX,용답,64,화양동,1,10.71
SMAX,용답,65,화양동,1,10.71
SMAX,용답,66,화양동,1,10.71
SMAX,용답,67,화양동 -> 성수2가3동,2,11.76
SMAX,용답,68,구의1동,1,10.63
SMAX,용답,69,구의1동,1,10.63
SMAX,용답,70,구의1동,1,10.63
SMAX,용답,71,성수2가3동,1,8.78
SMAX,용답,72,성수2가3동,1,8.78
SMAX,용답,73,성수2가3동,1,8.78
SMAX,용답,74,성수2가3동,1,8.78
SMAX,용답,75,성수2가3동,1,8.78
SMAX,용답,76,성수2가3동,1,8.78
SMAX,용답,77,성수2가3동,1,8.78
SMAX,용답,78,성수2가3동,1,8.78
SMAX,용답,79,성수2가3동,1,8.78
SMAX,용답,80,성수2가3동,1,8.78
SMAX,용답,81,성수2가3동,1,8.78
SMAX,용답,82,성수2가3동,1,8.78
SMAX,용답,83,성수2가3동,1,8.78
SMAX,용답,84,성수2가3동,1,8.78
SMAX,용답,85,성수2가3동,1,8.78
SMAX,용답,86,성수2가3동,1,8.78
SMAX,용답,87,응봉동,1,8.48
SMAX,용답,88,성수2가1동 -> 응봉동 -> 행당1동,3,13.61
SMAX,용답,89,능동,1,7.02
SMAX,용답,90,능동,1,7.02
SMAX,용답,91,능동 -> 구의3동 -> 구의1동,3,13.04
SMAX,용답,92,행당1동,1,6.43
SMAX,용답,93,행당1동,1,6.43
SMAX,용답,94,행당1동,1,6.43
SMAX,용답,95,군자동,1,6.15
SMAX,용답,96,군자동,1,6.15
SMAX,용답,97,송정동 -> 군자동,2,8.36
SMAX,용답,98,송정동,1,5.9
SMAX,용답,99,답십리1동,1,2.89
SMAX,용답,100,답십리1동,1,2.89
SMAX,용답,101,답십리1동,1,2.89
SMAX,용답,102,답십리1동,1,2.89
SMAX,용답,103,답십리2동,1,2.85
SMAX,용답,104,답십리2동,1,2.85
SMAX,용답,105,답십리2동,1,2.85
SMAX,용답,106,용답동,1,2.58
SMAX,용답,107,용답동,1,2.58
SMAX,용두,1,옥수동 -> 동화동,2,9.79
SMAX,용두,2,신사동 -> 반포1동 -> 서빙고동 -> 한남동 -> 왕십리도선동,5,24.49
SMAX,용두,3,반포1동,1,17.4
SMAX,용두,4,반포1동,1,17.4
SMAX,용두,5,반포1동,1,17.4
SMAX,용두,6,반포1동,1,17.4
SMAX,용두,7,반포1동,1,17.4
SMAX,용두,8,반포1동,1,17.4
SMAX,용두,9,서빙고동,1,17.05
SMAX,용두,10,역삼1동,1,17.15
SMAX,용두,11,역삼1동,1,17.15
SMAX,용두,12,역삼1동,1,17.15
SMAX,용두,13,역삼1동,1,17.15
SMAX,용두,14,역삼1동,1,17.15
SMAX,용두,15,역삼1동,1,17.15
SMAX,용두,16,역삼1동,1,17.15
SMAX,용두,17,역삼1동,1,17.15
SMAX,용두,18,역삼1동,1,17.15
SMAX,용두,19,역삼1동,1,17.15
SMAX,용두,20,역삼1동,1,17.15
SMAX,용두,21,역삼1동,1,17.15
SMAX,용두,22,역삼1동,1,17.15
SMAX,용두,23,역삼1동,1,17.15
SMAX,용두,24,금호1가동 -> 보광동,2,13.87
SMAX,용두,25,서빙고동,1,17.05
SMAX,용두,26,논현1동,1,15.47
SMAX,용두,27,논현1동,1,15.47
SMAX,용두,28,논현1동,1,15.47
SMAX,용두,29,논현1동,1,15.47
SMAX,용두,30,논현1동,1,15.47
SMAX,용두,31,논현1동,1,15.47
SMAX,용두,32,잠원동 -> 잠원동,2,15.0
SMAX,용두,33,잠원동,1,15.0
SMAX,용두,34,잠원동,1,15.0
SMAX,용두,35,잠원동,1,15.0
SMAX,용두,36,잠원동,1,15.0
SMAX,용두,37,논현2동,1,13.54
SMAX,용두,38,논현2동,1,13.54
SMAX,용두,39,논현2동,1,13.54
SMAX,용두,40,논현2동,1,13.54
SMAX,용두,41,논현2동,1,13.54
SMAX,용두,42,논현2동,1,13.54
SMAX,용두,43,논현2동,1,13.54
SMAX,용두,44,신사동,1,13.08
SMAX,용두,45,신사동,1,13.08
SMAX,용두,46,신사동,1,13.08
SMAX,용두,47,신사동,1,13.08
SMAX,용두,48,압구정동 -> 역삼1동 -> 논현1동 -> 논현2동,4,17.95
SMAX,용두,49,한남동,1,12.92
SMAX,용두,50,한남동,1,12.92
SMAX,용두,51,한남동,1,12.92
SMAX,용두,52,한남동,1,12.92
SMAX,용두,53,압구정동,1,10.28
SMAX,용두,54,압구정동,1,10.28
SMAX,용두,55,압구정동,1,10.28
SMAX,용두,56,압구정동,1,10.28
SMAX,용두,57,압구정동,1,10.28
SMAX,용두,58,압구정동,1,10.28
SMAX,용두,59,옥수동,1,8.61
SMAX,용두,60,옥수동,1,8.61
SMAX,용두,61,금호4가동,1,7.4
SMAX,용두,62,금호4가동,1,7.4
SMAX,용두,63,금호4가동,1,7.4
SMAX,용두,64,금호2·3가동,1,7.27
SMAX,용두,65,금호2·3가동,1,7.27
SMAX,용두,66,금호2·3가동,1,7.27
SMAX,용두,67,왕십리2동 -> 금호2·3가동,2,7.5
SMAX,용두,68,청구동,1,6.98
SMAX,용두,69,청구동,1,6.98
SMAX,용두,70,동화동,1,5.68
SMAX,용두,71,신당5동,1,4.64
SMAX,용두,72,신당5동,1,4.64
SMAX,용두,73,행당2동,1,4.41
SMAX,용두,74,행당2동,1,4.41
SMAX,용두,75,왕십리2동,1,4.14
SMAX,용두,76,왕십리2동,1,4.14
SMAX,용두,77,왕십리2동,1,4.14
SMAX,용두,78,왕십리도선동,1,2.49
SMAX,용두,79,왕십리도선동,1,2.49
SMAX,용두,80,왕십리도선동,1,2.49
SMAX,용두,81,왕십리도선동,1,2.49
SMAX,용두,82,왕십리도선동,1,2.49
SMAX,용두,83,행당2동,1,4.41
SMAX,창동,1,진관동,1,35.6
SMAX,창동,2,진관동,1,35.6
SMAX,창동,3,진관동,1,35.6
SMAX,창동,4,진관동,1,35.6
SMAX,창동,5,진관동,1,35.6
SMAX,창동,6,진관동,1,35.6
SMAX,창동,7,진관동,1,35.6
SMAX,창동,8,수유2동 -> 정릉3동 -> 불광1동,3,31.1
SMAX,창동,9,역촌동,1,32.12
SMAX,창동,10,역촌동,1,32.12
SMAX,창동,11,역촌동,1,32.12
SMAX,창동,12,역촌동,1,32.12
SMAX,창동,13,역촌동,1,32.12
SMAX,창동,14,불광2동,1,31.76
SMAX,창동,15,불광2동,1,31.76
SMAX,창동,16,불광2동,1,31.76
SMAX,창동,17,불광1동,1,30.33
SMAX,창동,18,불광1동,1,30.33
SMAX,창동,19,불광1동,1,30.33
SMAX,창동,20,불광1동,1,30.33
SMAX,창동,21,녹번동,1,29.43
SMAX,창동,22,녹번동,1,29.43
SMAX,창동,23,녹번동,1,29.43
SMAX,창동,24,녹번동,1,29.43
SMAX,창동,25,홍제3동,1,27.31
SMAX,창동,26,홍제3동,1,27.31
SMAX,창동,27,홍은1동,1,27.08
SMAX,창동,28,홍은1동,1,27.08
SMAX,창동,29,부암동,1,26.71
SMAX,창동,30,평창동,1,21.85
SMAX,창동,31,평창동,1,21.85
SMAX,창동,32,홍은1동 -> 부암동 -> 평창동,3,30.5
SMAX,창동,33,정릉3동,1,16.08
SMAX,창동,34,정릉3동,1,16.08
SMAX,창동,35,정릉3동,1,16.08
SMAX,창동,36,정릉4동,1,14.89
SMAX,창동,37,정릉4동,1,14.89
SMAX,창동,38,쌍문1동 -> 정릉4동 -> 삼양동,3,17.51
SMAX,창동,39,삼각산동,1,11.5
SMAX,창동,40,삼각산동,1,11.5
SMAX,창동,41,삼각산동,1,11.5
SMAX,창동,42,삼각산동 -> 번1동,2,11.86
SMAX,창동,43,삼양동,1,9.85
SMAX,창동,44,삼양동,1,9.85
SMAX,창동,45,수유1동,1,9.72
SMAX,창동,46,수유1동,1,9.72
SMAX,창동,47,인수동,1,8.74
SMAX,창동,48,인수동,1,8.74
SMAX,창동,49,인수동,1,8.74
SMAX,창동,50,쌍문1동,1,6.57
SMAX,창동,51,쌍문1동,1,6.57
SMAX,창동,52,수유2동,1,5.82
SMAX,창동,53,수유2동,1,5.82
SMAX,창동,54,진관동 -> 불광2동 -> 역촌동 -> 녹번동,4,39.41
SMAX,창동,55,수유3동,1,5.64
SMAX,창동,56,수유3동,1,5.64
SMAX,창동,57,수유3동,1,5.64
SMAX,창동,58,번1동,1,5.34
SMAX,창동,59,번1동,1,5.34
SMAX,창동,60,쌍문4동,1,3.6
SMAX,창동,61,쌍문4동,1,3.6
SMAX,창동,62,쌍문3동,1,3.59
SMAX,창동,63,쌍문3동,1,3.59
SMAX,창동,64,쌍문2동,1,2.29
SMAX,창동,65,쌍문2동,1,2.29
SMAX,창동,66,창5동,1,1.67
SMAX,창동,67,창5동,1,1.67
SMAX,창동,68,창5동,1,1.67
SMAX,총신대입구,1,낙성대동,1,8.15
SMAX,총신대입구,2,낙성대동,1,8.15
SMAX,총신대입구,3,인헌동 -> 낙성대동 -> 행운동,3,10.7
SMAX,총신대입구,4,청림동,1,7.16
SMAX,총신대입구,5,사당4동 -> 청림동,2,7.99
SMAX,총신대입구,6,행운동,1,7.14
SMAX,총신대입구,7,행운동,1,7.14
SMAX,총신대입구,8,행운동,1,7.14
SMAX,총신대입구,9,행운동,1,7.14
SMAX,총신대입구,10,인헌동,1,6.05
SMAX,총신대입구,11,인헌동,1,6.05
SMAX,총신대입구,12,인헌동,1,6.05
SMAX,총신대입구,13,방배3동,1,5.1
SMAX,총신대입구,14,방배3동,1,5.1
SMAX,총신대입구,15,방배2동 -> 방배3동,2,5.25
SMAX,총신대입구,16,사당5동,1,4.1
SMAX,총신대입구,17,방배2동,1,3.95
SMAX,총신대입구,18,방배2동,1,3.95
SMAX,총신대입구,19,방배2동,1,3.95
SMAX,총신대입구,20,사당3동,1,3.44
SMAX,총신대입구,21,사당3동,1,3.44
SMAX,총신대입구,22,사당3동,1,3.44
SMAX,총신대입구,23,사당4동,1,3.19
SMAX,총신대입구,24,사당2동,1,2.82
SMAX,총신대입구,25,사당2동,1,2.82
SMAX,총신대입구,26,사당2동,1,2.82
SMAX,총신대입구,27,사당2동,1,2.82
SMAX,총신대입구,28,사당1동,1,2.53
SMAX,총신대입구,29,사당1동,1,2.53
SMAX,총신대입구,30,사당1동,1,2.53
SMAX,총신대입구,31,사당1동,1,2.53
SMAX,총신대입구,32,방배본동,1,2.49
SMAX,총신대입구,33,방배본동,1,2.49
SMAX,총신대입구,34,방배본동,1,2.49
SMAX,총신대입구,35,방배4동,1,2.14
SMAX,총신대입구,36,방배4동,1,2.14
SMAX,총신대입구,37,방배4동,1,2.14
SMAX,총신대입구,38,방배4동 -> 방배본동 -> 반포본동,3,5.2
SMAX,충정로,1,아현동,1,2.89
SMAX,충정로,2,아현동,1,2.89
SMAX,충정로,3,아현동,1,2.89
SMAX,충정로,4,아현동,1,2.89
SMAX,충정로,5,아현동,1,2.89
SMAX,개봉,1,방화3동,1,23.79
SMAX,개봉,2,방화3동,1,23.79
SMAX,개봉,3,방화2동,1,23.01
SMAX,개봉,4,방화2동,1,23.01
SMAX,개봉,5,방화2동 -> 공항동 -> 개봉1동,3,23.7
SMAX,개봉,6,방화1동,1,20.09
SMAX,개봉,7,방화1동,1,20.09
SMAX,개봉,8,방화1동,1,20.09
SMAX,개봉,9,방화1동,1,20.09
SMAX,개봉,10,방화1동 -> 방화3동,2,23.89
SMAX,개봉,11,공항동,1,18.69
SMAX,개봉,12,공항동,1,18.69
SMAX,개봉,13,공항동,1,18.69
SMAX,개봉,14,공항동,1,18.69
SMAX,개봉,15,공항동,1,18.69
SMAX,개봉,16,발산1동,1,15.18
SMAX,개봉,17,발산1동,1,15.18
SMAX,개봉,18,발산1동,1,15.18
SMAX,개봉,19,발산1동,1,15.18
SMAX,개봉,20,발산1동,1,15.18
SMAX,개봉,21,발산1동,1,15.18
SMAX,개봉,22,신월5동,1,13.02
SMAX,개봉,23,신월5동 -> 발산1동,2,15.83
SMAX,개봉,24,신월3동,1,11.33
SMAX,개봉,25,신월1동,1,10.5
SMAX,개봉,26,신월1동,1,10.5
SMAX,개봉,27,신월7동,1,8.79
SMAX,개봉,28,신월3동 -> 신월7동,2,12.2
SMAX,개봉,29,신월4동,1,8.11
SMAX,개봉,30,구로1동,1,7.67
SMAX,개봉,31,구로1동,1,7.67
SMAX,개봉,32,구로1동 -> 개봉2동,2,7.53
SMAX,개봉,33,항동,1,7.13
SMAX,개봉,34,항동,1,7.13
SMAX,개봉,35,항동,1,7.13
SMAX,개봉,36,수궁동,1,7.07
SMAX,개봉,37,수궁동,1,7.07
SMAX,개봉,38,가리봉동,1,7.07
SMAX,개봉,39,신월6동,1,6.42
SMAX,개봉,40,신월6동 -> 신월4동,2,8.11
SMAX,개봉,41,신정3동,1,5.73
SMAX,개봉,42,신정3동,1,5.73
SMAX,개봉,43,신정3동,1,5.73
SMAX,개봉,44,신정3동,1,5.73
SMAX,개봉,45,신정3동,1,5.73
SMAX,개봉,46,신정3동,1,5.73
SMAX,개봉,47,오류2동,1,4.73
SMAX,개봉,48,오류2동,1,4.73
SMAX,개봉,49,오류2동,1,4.73
SMAX,개봉,50,오류2동,1,4.73
SMAX,개봉,51,고척2동,1,4.44
SMAX,개봉,52,고척2동,1,4.44
SMAX,개봉,53,고척2동,1,4.44
SMAX,개봉,54,고척2동,1,4.44
SMAX,개봉,55,오류1동,1,4.43
SMAX,개봉,56,오류1동,1,4.43
SMAX,개봉,57,오류1동 -> 수궁동 -> 오류2동,3,8.5
SMAX,개봉,58,고척1동,1,4.17
SMAX,개봉,59,고척1동,1,4.17
SMAX,개봉,60,개봉1동,1,3.3
SMAX,개봉,61,개봉1동,1,3.3
SMAX,개봉,62,개봉1동,1,3.3
SMAX,개봉,63,개봉1동,1,3.3
SMAX,개봉,64,개봉3동,1,2.74
SMAX,개봉,65,개봉3동,1,2.74
SMAX,개봉,66,개봉2동,1,1.03
SMAX,개봉,67,개봉2동,1,1.03
SMAX,개봉,68,개봉2동,1,1.03
SMAX,개봉,69,고척1동 -> 고척2동 -> 신정3동,3,8.04
SMAX,광운대,1,북가좌2동,1,33.07
SMAX,광운대,2,북가좌2동,1,33.07
SMAX,광운대,3,북가좌2동,1,33.07
SMAX,광운대,4,북가좌2동,1,33.07
SMAX,광운대,5,북가좌2동,1,33.07
SMAX,광운대,6,북가좌2동,1,33.07
SMAX,광운대,7,북가좌2동,1,33.07
SMAX,광운대,8,북가좌2동,1,33.07
SMAX,광운대,9,북가좌2동 -> 종암동,2,34.63
SMAX,광운대,10,남가좌2동,1,31.29
SMAX,광운대,11,남가좌2동,1,31.29
SMAX,광운대,12,연희동,1,30.9
SMAX,광운대,13,연희동,1,30.9
SMAX,광운대,14,연희동,1,30.9
SMAX,광운대,15,연희동,1,30.9
SMAX,광운대,16,연희동,1,30.9
SMAX,광운대,17,홍은2동,1,27.79
SMAX,광운대,18,홍은2동,1,27.79
SMAX,광운대,19,홍은2동,1,27.79
SMAX,광운대,20,홍제1동,1,27.76
SMAX,광운대,21,홍제1동,1,27.76
SMAX,광운대,22,홍제1동,1,27.76
SMAX,광운대,23,청운효자동,1,23.24
SMAX,광운대,24,홍은2동 -> 남가좌2동 -> 남가좌1동,3,33.7
SMAX,광운대,25,혜화동 -> 이화동,2,16.37
SMAX,광운대,26,성북동,1,16.93
SMAX,광운대,27,성북동,1,16.93
SMAX,광운대,28,성북동,1,16.93
SMAX,광운대,29,이화동,1,15.62
SMAX,광운대,30,혜화동,1,15.47
SMAX,광운대,31,혜화동,1,15.47
SMAX,광운대,32,삼선동,1,13.78
SMAX,광운대,33,삼선동,1,13.78
SMAX,광운대,34,삼선동,1,13.78
SMAX,광운대,35,길음1동,1,10.08
SMAX,광운대,36,돈암2동,1,12.4
SMAX,광운대,37,돈암2동,1,12.4
SMAX,광운대,38,정릉2동,1,12.21
SMAX,광운대,39,가회동 -> 삼청동,2,21.53
SMAX,광운대,40,동선동 -> 월곡1동,2,11.84
SMAX,광운대,41,돈암1동,1,10.55
SMAX,광운대,42,돈암1동,1,10.55
SMAX,광운대,43,돈암1동,1,10.55
SMAX,광운대,44,돈암1동,1,10.55
SMAX,광운대,45,돈암1동,1,10.55
SMAX,광운대,46,돈암1동 -> 월곡2동,2,10.7
SMAX,광운대,47,정릉1동,1,10.16
SMAX,광운대,48,정릉1동,1,10.16
SMAX,광운대,49,길음1동,1,10.08
SMAX,광운대,50,길음1동,1,10.08
SMAX,광운대,51,길음1동,1,10.08
SMAX,광운대,52,청운효자동 -> 연희동,2,33.61
SMAX,광운대,53,종암동,1,8.96
SMAX,광운대,54,종암동,1,8.96
SMAX,광운대,55,종암동,1,8.96
SMAX,광운대,56,종암동,1,8.96
SMAX,광운대,57,삼선동 -> 성북동,2,17.67
SMAX,광운대,58,송천동,1,8.66
SMAX,광운대,59,송천동,1,8.66
SMAX,광운대,60,송천동,1,8.66
SMAX,광운대,61,길음2동,1,7.69
SMAX,광운대,62,길음2동,1,7.69
SMAX,광운대,63,길음2동,1,7.69
SMAX,광운대,64,길음2동,1,7.69
SMAX,광운대,65,송중동,1,7.35
SMAX,광운대,66,송중동,1,7.35
SMAX,광운대,67,송중동,1,7.35
SMAX,광운대,68,월곡1동,1,6.94
SMAX,광운대,69,월곡1동,1,6.94
SMAX,광운대,70,월곡1동,1,6.94
SMAX,광운대,71,송중동 -> 정릉2동,2,13.44
SMAX,광운대,72,월곡2동,1,5.95
SMAX,광운대,73,월곡2동,1,5.95
SMAX,광운대,74,월곡2동,1,5.95
SMAX,광운대,75,묵2동,1,5.82
SMAX,광운대,76,묵2동,1,5.82
SMAX,광운대,77,묵1동,1,5.71
SMAX,광운대,78,묵1동,1,5.71
SMAX,광운대,79,묵1동,1,5.71
SMAX,광운대,80,묵1동,1,5.71
SMAX,광운대,81,번3동,1,4.71
SMAX,광운대,82,장위1동,1,4.34
SMAX,광운대,83,장위1동,1,4.34
SMAX,광운대,84,장위1동 -> 번3동,2,5.51
SMAX,광운대,85,장위2동,1,3.75
SMAX,광운대,86,장위3동,1,2.22
SMAX,광운대,87,장위3동,1,2.22
SMAX,광운대,88,월계1동,1,0.78
SMAX,광운대,89,월계1동,1,0.78
SMAX,광운대,90,월계1동 -> 장위2동,2,3.88
SMAX,구로,1,연남동,1,16.94
SMAX,구로,2,연남동,1,16.94
SMAX,구로,3,연남동,1,16.94
SMAX,구로,4,성산1동,1,16.56
SMAX,구로,5,성산1동,1,16.56
SMAX,구로,6,성산1동,1,16.56
SMAX,구로,7,성현동,1,16.2
SMAX,구로,8,성현동,1,16.2
SMAX,구로,9,성현동,1,16.2
SMAX,구로,10,망원2동,1,16.19
SMAX,구로,11,망원2동,1,16.19
SMAX,구로,12,서교동 -> 망원2동,2,17.67
SMAX,구로,13,신수동,1,15.5
SMAX,구로,14,신수동,1,15.5
SMAX,구로,15,서강동,1,15.01
SMAX,구로,16,서강동,1,15.01
SMAX,구로,17,서강동,1,15.01
SMAX,구로,18,서강동,1,15.01
SMAX,구로,19,서강동 -> 당산2동,2,15.46
SMAX,구로,20,서교동,1,14.75
SMAX,구로,21,서교동,1,14.75
SMAX,구로,22,서교동,1,14.75
SMAX,구로,23,서교동,1,14.75
SMAX,구로,24,서교동,1,14.75
SMAX,구로,25,서교동,1,14.75
SMAX,구로,26,서교동,1,14.75
SMAX,구로,27,서교동,1,14.75
SMAX,구로,28,서교동,1,14.75
SMAX,구로,29,망원1동,1,14.74
SMAX,구로,30,망원1동,1,14.74
SMAX,구로,31,합정동 -> 망원1동,2,14.74
SMAX,구로,32,용강동,1,14.48
SMAX,구로,33,용강동,1,14.48
SMAX,구로,34,용강동,1,14.48
SMAX,구로,35,성현동 -> 용강동,2,22.97
SMAX,구로,36,보라매동,1,12.8
SMAX,구로,37,보라매동,1,12.8
SMAX,구로,38,보라매동,1,12.8
SMAX,구로,39,상도2동,1,12.54
SMAX,구로,40,상도2동,1,12.54
SMAX,구로,41,합정동,1,12.47
SMAX,구로,42,합정동,1,12.47
SMAX,구로,43,합정동,1,12.47
SMAX,구로,44,상도4동,1,12.3
SMAX,구로,45,상도4동,1,12.3
SMAX,구로,46,상도4동,1,12.3
SMAX,구로,47,상도4동,1,12.3
SMAX,구로,48,상도4동,1,12.3
SMAX,구로,49,상도4동,1,12.3
SMAX,구로,50,신길5동 -> 보라매동 -> 상도4동 -> 신길4동,4,14.24
SMAX,구로,51,신림동,1,11.61
SMAX,구로,52,신림동,1,11.61
SMAX,구로,53,신림동,1,11.61
SMAX,구로,54,신사동 -> 신림동,2,11.8
SMAX,구로,55,노량진2동,1,11.36
SMAX,구로,56,노량진2동,1,11.36
SMAX,구로,57,양평2동,1,10.65
SMAX,구로,58,양평2동,1,10.65
SMAX,구로,59,양평2동,1,10.65
SMAX,구로,60,상도3동,1,10.55
SMAX,구로,61,상도3동,1,10.55
SMAX,구로,62,상도3동,1,10.55
SMAX,구로,63,여의동,1,9.78
SMAX,구로,64,여의동,1,9.78
SMAX,구로,65,여의동,1,9.78
SMAX,구로,66,여의동,1,9.78
SMAX,구로,67,여의동,1,9.78
SMAX,구로,68,여의동,1,9.78
SMAX,구로,69,여의동,1,9.78
SMAX,구로,70,여의동,1,9.78
SMAX,구로,71,신길7동 -> 여의동,2,12.49
SMAX,구로,72,신사동,1,9.69
SMAX,구로,73,신사동,1,9.69
SMAX,구로,74,신사동,1,9.69
SMAX,구로,75,신대방2동,1,9.68
SMAX,구로,76,신대방2동,1,9.68
SMAX,구로,77,신대방2동,1,9.68
SMAX,구로,78,신길7동,1,8.87
SMAX,구로,79,신길7동,1,8.87
SMAX,구로,80,당산2동,1,8.34
SMAX,구로,81,당산2동,1,8.34
SMAX,구로,82,당산2동,1,8.34
SMAX,구로,83,당산2동,1,8.34
SMAX,구로,84,당산2동,1,8.34
SMAX,구로,85,당산2동,1,8.34
SMAX,구로,86,신길1동,1,8.33
SMAX,구로,87,신길1동,1,8.33
SMAX,구로,88,신길1동,1,8.33
SMAX,구로,89,신대방1동,1,8.16
SMAX,구로,90,신대방1동,1,8.16
SMAX,구로,91,신대방1동 -> 대림3동,2,8.28
SMAX,구로,92,신길6동,1,7.03
SMAX,구로,93,신길6동,1,7.03
SMAX,구로,94,신길4동,1,6.92
SMAX,구로,95,영등포동,1,6.77
SMAX,구로,96,영등포동,1,6.77
SMAX,구로,97,영등포동,1,6.77
SMAX,구로,98,영등포동,1,6.77
SMAX,구로,99,영등포동,1,6.77
SMAX,구로,100,영등포동,1,6.77
SMAX,구로,101,영등포동,1,6.77
SMAX,구로,102,영등포동 -> 신길6동,2,10.19
SMAX,구로,103,양평1동,1,6.33
SMAX,구로,104,양평1동,1,6.33
SMAX,구로,105,양평1동,1,6.33
SMAX,구로,106,양평1동 -> 신도림동,2,6.2
SMAX,구로,107,대림1동,1,6.32
SMAX,구로,108,대림1동 -> 양평2동,2,14.96
SMAX,구로,109,대림2동,1,6.17
SMAX,구로,110,구로5동 -> 대림2동,2,6.28
SMAX,구로,111,영등포본동,1,6.14
SMAX,구로,112,영등포본동,1,6.14
SMAX,구로,113,영등포본동,1,6.14
SMAX,구로,114,구로3동,1,6.13
SMAX,구로,115,구로3동,1,6.13
SMAX,구로,116,구로3동,1,6.13
SMAX,구로,117,구로3동,1,6.13
SMAX,구로,118,구로3동,1,6.13
SMAX,구로,119,구로3동,1,6.13
SMAX,구로,120,구로3동 -> 구로4동,2,6.1
SMAX,구로,121,신길5동,1,5.75
SMAX,구로,122,당산1동,1,5.69
SMAX,구로,123,당산1동,1,5.69
SMAX,구로,124,당산1동,1,5.69
SMAX,구로,125,당산1동,1,5.69
SMAX,구로,126,신길3동,1,5.51
SMAX,구로,127,신길3동,1,5.51
SMAX,구로,128,대림3동,1,4.27
SMAX,구로,129,대림3동,1,4.27
SMAX,구로,130,대림3동,1,4.27
SMAX,구로,131,도림동,1,4.09
SMAX,구로,132,도림동,1,4.09
SMAX,구로,133,구로4동,1,3.86
SMAX,구로,134,구로4동,1,3.86
SMAX,구로,135,문래동,1,3.84
SMAX,구로,136,문래동,1,3.84
SMAX,구로,137,문래동,1,3.84
SMAX,구로,138,문래동,1,3.84
SMAX,구로,139,문래동,1,3.84
SMAX,구로,140,문래동,1,3.84
SMAX,구로,141,구로2동,1,2.43
SMAX,구로,142,구로2동,1,2.43
SMAX,구로,143,구로2동,1,2.43
SMAX,구로,144,구로2동,1,2.43
SMAX,구로,145,구로5동,1,2.09
SMAX,구로,146,구로5동,1,2.09
SMAX,구로,147,구로5동,1,2.09
SMAX,구로,148,구로5동,1,2.09
SMAX,구로,149,신도림동,1,1.58
SMAX,구로,150,신도림동,1,1.58
SMAX,구로,151,신도림동,1,1.58
SMAX,구로,152,신도림동,1,1.58
SMAX,구로,153,신도림동,1,1.58
SMAX,구로,154,신도림동,1,1.58
SMAX,대방,1,이촌1동,1,9.93
SMAX,대방,2,이촌1동,1,9.93
SMAX,대방,3,이촌1동,1,9.93
SMAX,대방,4,이촌2동,1,9.62
SMAX,대방,5,상도1동,1,8.9
SMAX,대방,6,상도1동,1,8.9
SMAX,대방,7,상도1동,1,8.9
SMAX,대방,8,상도1동,1,8.9
SMAX,대방,9,상도1동,1,8.9
SMAX,대방,10,흑석동 -> 상도1동,2,10.06
SMAX,대방,11,도화동,1,8.71
SMAX,대방,12,도화동,1,8.71
SMAX,대방,13,도화동,1,8.71
SMAX,대방,14,원효로2동,1,8.13
SMAX,대방,15,도화동 -> 원효로2동,2,9.37
SMAX,대방,16,흑석동,1,7.71
SMAX,대방,17,흑석동,1,7.71
SMAX,대방,18,흑석동,1,7.71
SMAX,대방,19,노량진1동,1,5.55
SMAX,대방,20,노량진1동,1,5.55
SMAX,대방,21,노량진1동,1,5.55
SMAX,대방,22,노량진1동,1,5.55
SMAX,대방,23,노량진1동,1,5.55
SMAX,대방,24,노량진1동,1,5.55
SMAX,대방,25,노량진1동,1,5.55
SMAX,대방,26,대방동,1,3.67
SMAX,대방,27,대방동,1,3.67
SMAX,대방,28,대방동,1,3.67
SMAX,대방,29,대방동,1,3.67
SMAX,대방,30,대방동,1,3.67
SMAX,독산,1,남현동,1,22.46
SMAX,독산,2,중앙동,1,13.85
SMAX,독산,3,남현동 -> 중앙동 -> 청룡동,3,23.34
SMAX,독산,4,남현동,1,22.46
SMAX,독산,5,서림동,1,11.92
SMAX,독산,6,중앙동,1,13.85
SMAX,독산,7,청룡동,1,12.76
SMAX,독산,8,청룡동,1,12.76
SMAX,독산,9,청룡동,1,12.76
SMAX,독산,10,청룡동,1,12.76
SMAX,독산,11,청룡동,1,12.76
SMAX,독산,12,청룡동,1,12.76
SMAX,독산,13,대학동,1,12.12
SMAX,독산,14,대학동,1,12.12
SMAX,독산,15,대학동,1,12.12
SMAX,독산,16,대학동,1,12.12
SMAX,독산,17,대학동 -> 신원동,2,12.95
SMAX,독산,18,은천동,1,11.96
SMAX,독산,19,은천동,1,11.96
SMAX,독산,20,은천동,1,11.96
SMAX,독산,21,은천동,1,11.96
SMAX,독산,22,삼성동,1,11.95
SMAX,독산,23,독산4동 -> 난향동,2,9.91
SMAX,독산,24,서림동,1,11.92
SMAX,독산,25,서림동 -> 서원동,2,12.69
SMAX,독산,26,서원동,1,10.59
SMAX,독산,27,서원동,1,10.59
SMAX,독산,28,서원동,1,10.59
SMAX,독산,29,난향동,1,9.58
SMAX,독산,30,삼성동 -> 시흥2동,2,12.12
SMAX,독산,31,신원동,1,8.56
SMAX,독산,32,신원동,1,8.56
SMAX,독산,33,시흥2동,1,7.81
SMAX,독산,34,시흥2동,1,7.81
SMAX,독산,35,난곡동,1,7.72
SMAX,독산,36,난곡동,1,7.72
SMAX,독산,37,시흥3동,1,7.64
SMAX,독산,38,시흥5동,1,6.47
SMAX,독산,39,시흥3동 -> 시흥5동,2,8.89
SMAX,독산,40,미성동,1,6.2
SMAX,독산,41,미성동,1,6.2
SMAX,독산,42,미성동,1,6.2
SMAX,독산,43,조원동,1,5.83
SMAX,독산,44,조원동,1,5.83
SMAX,독산,45,시흥1동,1,4.79
SMAX,독산,46,시흥1동,1,4.79
SMAX,독산,47,시흥1동,1,4.79
SMAX,독산,48,시흥1동 -> 독산1동,2,4.64
SMAX,독산,49,가산동,1,4.45
SMAX,독산,50,가산동,1,4.45
SMAX,독산,51,가산동,1,4.45
SMAX,독산,52,가산동,1,4.45
SMAX,독산,53,가산동,1,4.45
SMAX,독산,54,가산동,1,4.45
SMAX,독산,55,가산동,1,4.45
SMAX,독산,56,가산동,1,4.45
SMAX,독산,57,가산동,1,4.45
SMAX,독산,58,가산동,1,4.45
SMAX,독산,59,가산동,1,4.45
SMAX,독산,60,가산동,1,4.45
SMAX,독산,61,가산동,1,4.45
SMAX,독산,62,가산동,1,4.45
SMAX,독산,63,가산동,1,4.45
SMAX,독산,64,가산동,1,4.45
SMAX,독산,65,조원동 -> 가산동,2,7.93
SMAX,독산,66,독산3동,1,4.39
SMAX,독산,67,독산3동,1,4.39
SMAX,독산,68,독산3동,1,4.39
SMAX,독산,69,시흥4동,1,4.33
SMAX,독산,70,시흥4동,1,4.33
SMAX,독산,71,독산4동,1,3.02
SMAX,독산,72,독산3동 -> 미성동 -> 난곡동,3,8.14
SMAX,독산,73,독산2동,1,2.71
SMAX,독산,74,독산1동,1,1.02
SMAX,독산,75,독산1동,1,1.02
SMAX,독산,76,독산1동,1,1.02
SMAX,독산,77,독산1동,1,1.02
SMAX,독산,78,독산1동,1,1.02
SMAX,독산,79,독산1동,1,1.02
SMAX,독산,80,독산1동,1,1.02
SMAX,독산,81,독산2동,1,2.71
SMAX,신이문,1,강일동,1,33.52
SMAX,신이문,2,강일동,1,33.52
SMAX,신이문,3,강일동,1,33.52
SMAX,신이문,4,강일동,1,33.52
SMAX,신이문,5,상일2동,1,31.49
SMAX,신이문,6,고덕2동,1,30.08
SMAX,신이문,7,고덕2동,1,30.08
SMAX,신이문,8,강일동 -> 고덕2동,2,33.99
SMAX,신이문,9,고덕1동,1,27.74
SMAX,신이문,10,고덕1동,1,27.74
SMAX,신이문,11,고덕1동 -> 암사3동,2,28.56
SMAX,신이문,12,암사3동,1,25.77
SMAX,신이문,13,암사3동,1,25.77
SMAX,신이문,14,명일1동,1,25.5
SMAX,신이문,15,명일1동,1,25.5
SMAX,신이문,16,명일1동,1,25.5
SMAX,신이문,17,길동,1,24.94
SMAX,신이문,18,길동,1,24.94
SMAX,신이문,19,길동,1,24.94
SMAX,신이문,20,길동,1,24.94
SMAX,신이문,21,길동,1,24.94
SMAX,신이문,22,길동 -> 풍납2동 -> 장안1동,3,27.45
SMAX,신이문,23,풍납2동,1,24.13
SMAX,신이문,24,풍납2동,1,24.13
SMAX,신이문,25,풍납2동,1,24.13
SMAX,신이문,26,북아현동,1,24.13
SMAX,신이문,27,북아현동 -> 창신1동 -> 용신동,3,24.48
SMAX,신이문,28,암사1동,1,23.76
SMAX,신이문,29,암사1동,1,23.76
SMAX,신이문,30,암사1동,1,23.76
SMAX,신이문,31,상일2동 -> 암사1동,2,31.92
SMAX,신이문,32,천호1동,1,23.72
SMAX,신이문,33,천호1동,1,23.72
SMAX,신이문,34,명일1동 -> 천호1동,2,25.73
SMAX,신이문,35,암사2동,1,23.71
SMAX,신이문,36,구의2동 -> 암사2동,2,24.4
SMAX,신이문,37,성내2동,1,21.82
SMAX,신이문,38,성내2동,1,21.82
SMAX,신이문,39,중곡1동 -> 성내2동,2,22.2
SMAX,신이문,40,사직동,1,21.0
SMAX,신이문,41,사직동,1,21.0
SMAX,신이문,42,사직동,1,21.0
SMAX,신이문,43,천호2동,1,20.92
SMAX,신이문,44,천호2동,1,20.92
SMAX,신이문,45,천호2동,1,20.92
SMAX,신이문,46,천호2동,1,20.92
SMAX,신이문,47,중곡4동 -> 천호2동,2,22.31
SMAX,신이문,48,회현동,1,20.89
SMAX,신이문,49,회현동,1,20.89
SMAX,신이문,50,회현동,1,20.89
SMAX,신이문,51,풍납1동,1,19.77
SMAX,신이문,52,구의2동,1,14.3
SMAX,신이문,53,구의2동,1,14.3
SMAX,신이문,54,구의2동,1,14.3
SMAX,신이문,55,창신2동 -> 청량리동,2,13.95
SMAX,신이문,56,중곡4동,1,13.49
SMAX,신이문,57,중곡4동,1,13.49
SMAX,신이문,58,중곡4동,1,13.49
SMAX,신이문,59,안암동 -> 제기동,2,9.86
SMAX,신이문,60,창신1동,1,12.72
SMAX,신이문,61,중곡2동,1,12.01
SMAX,신이문,62,중곡2동,1,12.01
SMAX,신이문,63,회현동 -> 중곡2동,2,27.14
SMAX,신이문,64,보문동,1,11.08
SMAX,신이문,65,보문동,1,11.08
SMAX,신이문,66,보문동 -> 숭인1동,2,12.68
SMAX,신이문,67,중곡1동,1,10.52
SMAX,신이문,68,중곡1동,1,10.52
SMAX,신이문,69,면목3·8동,1,9.87
SMAX,신이문,70,면목3·8동,1,9.87
SMAX,신이문,71,망우본동,1,9.65
SMAX,신이문,72,망우본동,1,9.65
SMAX,신이문,73,망우본동,1,9.65
SMAX,신이문,74,망우본동,1,9.65
SMAX,신이문,75,망우본동 -> 면목3·8동,2,12.54
SMAX,신이문,76,면목4동,1,9.59
SMAX,신이문,77,면목4동,1,9.59
SMAX,신이문,78,용신동,1,9.54
SMAX,신이문,79,용신동,1,9.54
SMAX,신이문,80,용신동,1,9.54
SMAX,신이문,81,용신동,1,9.54
SMAX,신이문,82,용신동,1,9.54
SMAX,신이문,83,용신동,1,9.54
SMAX,신이문,84,용신동,1,9.54
SMAX,신이문,85,중곡3동,1,9.38
SMAX,신이문,86,면목7동 -> 중곡3동,2,11.2
SMAX,신이문,87,안암동,1,9.35
SMAX,신이문,88,안암동,1,9.35
SMAX,신이문,89,안암동,1,9.35
SMAX,신이문,90,망우3동 -> 창신3동 -> 사직동,3,29.21
SMAX,신이문,91,망우3동,1,9.14
SMAX,신이문,92,면목7동,1,8.93
SMAX,신이문,93,면목7동,1,8.93
SMAX,신이문,94,장안1동,1,8.62
SMAX,신이문,95,장안1동,1,8.62
SMAX,신이문,96,장안1동,1,8.62
SMAX,신이문,97,장안1동,1,8.62
SMAX,신이문,98,장안1동,1,8.62
SMAX,신이문,99,장안1동,1,8.62
SMAX,신이문,100,제기동,1,7.9
SMAX,신이문,101,제기동,1,7.9
SMAX,신이문,102,제기동,1,7.9
SMAX,신이문,103,전농2동,1,7.63
SMAX,신이문,104,전농2동,1,7.63
SMAX,신이문,105,면목본동,1,7.59
SMAX,신이문,106,면목본동,1,7.59
SMAX,신이문,107,면목본동,1,7.59
SMAX,신이문,108,면목본동 -> 풍납1동,2,21.25
SMAX,신이문,109,전농1동,1,6.67
SMAX,신이문,110,전농1동,1,6.67
SMAX,신이문,111,전농1동,1,6.67
SMAX,신이문,112,전농1동,1,6.67
SMAX,신이문,113,전농1동,1,6.67
SMAX,신이문,114,전농1동 -> 전농2동,2,8.67
SMAX,신이문,115,면목5동,1,6.48
SMAX,신이문,116,중화1동 -> 면목5동,2,7.96
SMAX,신이문,117,장안2동,1,6.38
SMAX,신이문,118,장안2동,1,6.38
SMAX,신이문,119,장안2동,1,6.38
SMAX,신이문,120,장안2동,1,6.38
SMAX,신이문,121,면목2동 -> 장안2동,2,8.35
SMAX,신이문,122,청량리동,1,5.9
SMAX,신이문,123,청량리동,1,5.9
SMAX,신이문,124,면목2동,1,5.9
SMAX,신이문,125,면목2동,1,5.9
SMAX,신이문,126,상봉2동,1,5.59
SMAX,신이문,127,상봉2동,1,5.59
SMAX,신이문,128,상봉2동,1,5.59
SMAX,신이문,129,상봉2동,1,5.59
SMAX,신이문,130,상봉1동,1,5.41
SMAX,신이문,131,상봉1동,1,5.41
SMAX,신이문,132,상봉1동,1,5.41
SMAX,신이문,133,상봉1동,1,5.41
SMAX,신이문,134,회기동,1,4.5
SMAX,신이문,135,회기동,1,4.5
SMAX,신이문,136,중화1동,1,4.2
SMAX,신이문,137,휘경1동 -> 이문1동,2,3.29
SMAX,신이문,138,휘경2동,1,3.85
SMAX,신이문,139,휘경2동,1,3.85
SMAX,신이문,140,휘경2동,1,3.85
SMAX,신이문,141,중화2동,1,3.06
SMAX,신이문,142,중화2동,1,3.06
SMAX,신이문,143,중화2동,1,3.06
SMAX,신이문,144,휘경1동,1,2.86
SMAX,신이문,145,휘경1동,1,2.86
SMAX,신이문,146,석관동,1,2.28
SMAX,신이문,147,석관동,1,2.28
SMAX,신이문,148,석관동,1,2.28
SMAX,신이문,149,석관동,1,2.28
SMAX,신이문,150,석관동,1,2.28
SMAX,신이문,151,이문1동,1,1.82
SMAX,신이문,152,이문1동,1,1.82
SMAX,신이문,153,이문2동,1,0.44
SMAX,신이문,154,이문2동,1,0.44
S39,가락시장,1,명일1동,1,14.82
S39,가락시장,2,고덕1동,1,17.77
S39,가락시장,3,성내2동 -> 성내3동,2,11.74
S39,가락시장,4,암사3동,1,17.42
S39,가락시장,5,암사1동,1,15.53
S39,가락시장,6,암사1동,1,15.53
S39,가락시장,7,명일1동,1,14.82
S39,가락시장,8,성내1동 -> 방이1동,2,10.98
S39,가락시장,9,성내2동,1,11.7
S39,가락시장,10,성내1동,1,10.46
S39,가락시장,11,성내3동,1,9.58
S39,가락시장,12,암사3동 -> 고덕1동 -> 송파2동,3,19.92
S39,가락시장,13,마천1동,1,8.06
S39,가락시장,14,가락2동 -> 마천2동,2,7.43
S39,가락시장,15,거여2동,1,6.34
S39,가락시장,16,위례동,1,5.62
S39,가락시장,17,위례동,1,5.62
S39,가락시장,18,위례동,1,5.62
S39,가락시장,19,위례동 -> 거여2동,2,7.43
S39,가락시장,20,방이1동,1,4.99
S39,가락시장,21,거여1동,1,5.08
S39,가락시장,22,장지동,1,3.74
S39,가락시장,23,장지동,1,3.74
S39,가락시장,24,송파2동,1,3.0
S39,가락시장,25,가락2동,1,2.77
S39,가락시장,26,가락2동,1,2.77
S39,가락시장,27,문정1동,1,2.28
S39,가락시장,28,문정1동,1,2.28
S39,가락시장,29,가락본동,1,1.58
S39,가락시장,30,가락본동,1,1.58
S39,가락시장,31,가락본동,1,1.58
S39,교대,1,양재1동,1,7.61
S39,교대,2,양재1동,1,7.61
S39,교대,3,양재1동,1,7.61
S39,교대,4,논현1동,1,6.29
S39,교대,5,논현1동,1,6.29
S39,교대,6,논현1동,1,6.29
S39,교대,7,반포1동,1,4.51
S39,교대,8,반포1동,1,4.51
S39,교대,9,반포1동,1,4.51
S39,교대,10,서초1동 -> 양재1동 -> 서초2동 -> 논현1동 -> 반포1동,5,13.51
S39,교대,11,역삼1동,1,4.36
S39,교대,12,역삼1동,1,4.36
S39,교대,13,역삼1동,1,4.36
S39,교대,14,역삼1동,1,4.36
S39,교대,15,역삼1동,1,4.36
S39,교대,16,역삼1동,1,4.36
S39,교대,17,역삼1동,1,4.36
S39,교대,18,서초2동,1,3.59
S39,교대,19,서초2동,1,3.59
S39,교대,20,서초2동,1,3.59
S39,교대,21,서초3동,1,2.53
S39,교대,22,서초3동,1,2.53
S39,교대,23,서초3동,1,2.53
S39,교대,24,서초3동,1,2.53
S39,교대,25,서초4동,1,2.33
S39,교대,26,서초4동,1,2.33
S39,교대,27,서초4동,1,2.33
S39,교대,28,서초1동,1,2.09
S39,교대,29,서초1동,1,2.09
S39,교대,30,역삼1동 -> 서초4동,2,5.33
S39,구의,1,암사2동,1,11.08
S39,구의,2,천호2동,1,8.3
S39,구의,3,천호2동,1,8.3
S39,구의,4,광장동 -> 천호2동,2,8.69
S39,구의,5,풍납1동,1,7.14
S39,구의,6,광장동,1,4.72
S39,구의,7,광장동,1,4.72
S39,구의,8,자양3동,1,3.51
S39,구의,9,자양3동,1,3.51
S39,구의,10,화양동,1,3.4
S39,구의,11,화양동,1,3.4
S39,구의,12,화양동,1,3.4
S39,구의,13,구의3동,1,2.36
S39,구의,14,구의3동,1,2.36
S39,구의,15,자양2동,1,2.32
S39,구의,16,구의3동 -> 자양2동,2,4.09
S39,구의,17,자양1동,1,1.14
S39,구의,18,자양1동,1,1.14
S39,구의,19,구의1동,1,1.09
S39,구의,20,구의1동,1,1.09
S39,불광,1,북가좌2동,1,7.68
S39,불광,2,북가좌2동,1,7.68
S39,불광,3,북가좌2동,1,7.68
S39,불광,4,북가좌2동,1,7.68
S39,불광,5,진관동,1,7.55
S39,불광,6,진관동,1,7.55
S39,불광,7,진관동,1,7.55
S39,불광,8,진관동,1,7.55
S39,불광,9,신사2동,1,6.38
S39,불광,10,응암3동,1,5.77
S39,불광,11,신사1동,1,5.14
S39,불광,12,응암2동,1,4.74
S39,불광,13,응암2동,1,4.74
S39,불광,14,구산동,1,4.54
S39,불광,15,구산동,1,4.54
S39,불광,16,갈현1동,1,4.2
S39,불광,17,갈현2동,1,4.19
S39,불광,18,갈현2동 -> 녹번동,2,5.68
S39,불광,19,응암1동,1,3.8
S39,불광,20,응암1동,1,3.8
S39,불광,21,불광2동,1,3.69
S39,불광,22,불광1동 -> 불광2동,2,4.19
S39,불광,23,역촌동,1,3.45
S39,불광,24,역촌동,1,3.45
S39,불광,25,신사1동 -> 역촌동,2,5.4
S39,불광,26,불광1동,1,2.27
S39,불광,27,불광1동,1,2.27
S39,불광,28,대조동,1,1.75
S39,불광,29,대조동,1,1.75
S39,불광,30,녹번동,1,1.53
S39,불광,31,녹번동,1,1.53
S39,불광,32,응암1동 -> 응암3동 -> 북가좌2동,3,8.45
S39,서울역,1,홍은2동,1,12.67
S39,서울역,2,홍은2동,1,12.67
S39,서울역,3,홍은1동,1,12.26
S39,서울역,4,홍제3동,1,11.35
S39,서울역,5,홍제1동,1,9.6
S39,서울역,6,장충동,1,8.83
S39,서울역,7,신촌동,1,8.76
S39,서울역,8,신촌동,1,8.76
S39,서울역,9,신촌동,1,8.76
S39,서울역,10,신촌동,1,8.76
S39,서울역,11,홍제2동,1,8.21
S39,서울역,12,공덕동 -> 염리동,2,6.57
S39,서울역,13,무악동 -> 홍제1동,2,9.88
S39,서울역,14,사직동,1,5.8
S39,서울역,15,사직동 -> 홍은1동 -> 홍제3동,3,14.71
S39,서울역,16,천연동 -> 신촌동,2,8.76
S39,서울역,17,이태원2동,1,5.34
S39,서울역,18,효창동,1,4.44
S39,서울역,19,공덕동,1,4.38
S39,서울역,20,공덕동,1,4.38
S39,서울역,21,공덕동,1,4.38
S39,서울역,22,명동,1,3.53
S39,서울역,23,명동 -> 교남동,2,6.88
S39,서울역,24,소공동,1,3.37
S39,서울역,25,남영동,1,2.7
S39,서울역,26,중림동,1,2.63
S39,서울역,27,청파동,1,2.32
S39,서울역,28,청파동,1,2.32
S39,서울역,29,후암동,1,2.21
S39,서울역,30,후암동 -> 용산2가동,2,5.57
S39,서울역,31,회현동,1,1.33
S39,서울역,32,회현동,1,1.33
S39,수서,1,양재2동,1,15.97
S39,수서,2,양재2동,1,15.97
S39,수서,3,양재2동 -> 개포4동,2,16.56
S39,수서,4,잠실2동,1,14.03
S39,수서,5,잠실2동,1,14.03
S39,수서,6,개포3동 -> 잠실2동,2,18.11
S39,수서,7,풍납2동,1,13.88
S39,수서,8,풍납2동 -> 삼성2동,2,20.82
S39,수서,9,내곡동 -> 수서동,2,12.8
S39,수서,10,도곡1동,1,13.06
S39,수서,11,개포2동 -> 도곡1동,2,13.76
S39,수서,12,삼성2동,1,12.59
S39,수서,13,삼성2동,1,12.59
S39,수서,14,삼성2동,1,12.59
S39,수서,15,삼성2동,1,12.59
S39,수서,16,역삼2동,1,12.58
S39,수서,17,역삼2동,1,12.58
S39,수서,18,역삼2동,1,12.58
S39,수서,19,대치2동 -> 역삼2동,2,12.58
S39,수서,20,삼성1동,1,10.86
S39,수서,21,삼성1동,1,10.86
S39,수서,22,도곡2동,1,10.83
S39,수서,23,도곡2동,1,10.83
S39,수서,24,도곡2동,1,10.83
S39,수서,25,개포4동,1,10.78
S39,수서,26,개포4동,1,10.78
S39,수서,27,대치4동,1,10.6
S39,수서,28,대치4동,1,10.6
S39,수서,29,잠실4동,1,10.06
S39,수서,30,잠실6동,1,10.01
S39,수서,31,잠실본동 -> 잠실7동,2,9.58
S39,수서,32,대치1동,1,8.95
S39,수서,33,대치1동,1,8.95
S39,수서,34,방이2동,1,8.53
S39,수서,35,방이2동,1,8.53
S39,수서,36,대치2동,1,8.13
S39,수서,37,대치2동,1,8.13
S39,수서,38,대치2동,1,8.13
S39,수서,39,잠실3동,1,7.72
S39,수서,40,잠실3동,1,7.72
S39,수서,41,잠실4동 -> 잠실3동,2,10.74
S39,수서,42,개포2동,1,7.44
S39,수서,43,개포2동,1,7.44
S39,수서,44,잠실본동,1,7.43
S39,수서,45,잠실본동,1,7.43
S39,수서,46,잠실본동,1,7.43
S39,수서,47,송파1동,1,7.07
S39,수서,48,송파1동,1,7.07
S39,수서,49,석촌동,1,5.6
S39,수서,50,석촌동,1,5.6
S39,수서,51,석촌동 -> 삼전동,2,7.0
S39,수서,52,삼전동,1,5.5
S39,수서,53,삼전동,1,5.5
S39,수서,54,세곡동,1,4.36
S39,수서,55,세곡동,1,4.36
S39,수서,56,세곡동,1,4.36
S39,수서,57,일원1동,1,4.34
S39,수서,58,문정2동,1,4.19
S39,수서,59,문정2동,1,4.19
S39,수서,60,문정2동,1,4.19
S39,수서,61,문정2동 -> 세곡동,2,6.41
S39,수서,62,일원본동,1,3.75
S39,수서,63,대치4동 -> 개포1동 -> 일원본동,3,13.65
S39,수서,64,가락1동,1,2.8
S39,수서,65,가락1동,1,2.8
S39,수서,66,수서동,1,0.25
S39,수서,67,가락1동 -> 송파1동 -> 방이2동,3,8.54
S39,신답,1,반포3동,1,18.14
S39,신답,2,잠원동,1,16.36
S39,신답,3,압구정동 -> 청담동,2,14.79
S39,신답,4,잠원동,1,16.36
S39,신답,5,자양4동,1,11.81
S39,신답,6,신사동 -> 잠원동,2,16.93
S39,신답,7,논현2동,1,14.9
S39,신답,8,논현2동,1,14.9
S39,신답,9,논현2동,1,14.9
S39,신답,10,논현2동,1,14.9
S39,신답,11,청담동,1,14.52
S39,신답,12,청담동,1,14.52
S39,신답,13,청담동,1,14.52
S39,신답,14,행당1동,1,4.81
S39,신답,15,신사동,1,14.45
S39,신답,16,신사동,1,14.45
S39,신답,17,자양4동,1,11.81
S39,신답,18,능동 -> 구의2동 -> 장안1동,3,11.95
S39,신답,19,압구정동,1,11.65
S39,신답,20,압구정동,1,11.65
S39,신답,21,압구정동,1,11.65
S39,신답,22,중곡4동,1,11.3
S39,신답,23,중곡4동 -> 중곡1동,2,11.62
S39,신답,24,구의2동,1,10.89
S39,신답,25,성수2가1동,1,10.22
S39,신답,26,성수2가3동,1,9.06
S39,신답,27,성수2가3동,1,9.06
S39,신답,28,성수2가3동,1,9.06
S39,신답,29,성수2가3동,1,9.06
S39,신답,30,성수2가3동,1,9.06
S39,신답,31,성수2가3동,1,9.06
S39,신답,32,성수2가3동,1,9.06
S39,신답,33,성수2가3동,1,9.06
S39,신답,34,성수1가1동 -> 성수2가3동,2,10.98
S39,신답,35,성수1가1동,1,8.83
S39,신답,36,성수1가1동,1,8.83
S39,신답,37,중곡2동,1,8.65
S39,신답,38,능동,1,8.61
S39,신답,39,면목4동,1,8.43
S39,신답,40,중곡3동,1,7.87
S39,신답,41,중곡1동,1,7.86
S39,신답,42,군자동,1,7.73
S39,신답,43,군자동 -> 중곡2동,2,9.63
S39,신답,44,장안2동 -> 송정동,2,9.68
S39,신답,45,종암동,1,7.21
S39,신답,46,종암동,1,7.21
S39,신답,47,전농2동 -> 청량리동 -> 종암동,3,10.18
S39,신답,48,응봉동,1,6.86
S39,신답,49,성수1가2동,1,6.75
S39,신답,50,성수1가2동,1,6.75
S39,신답,51,행당2동,1,5.82
S39,신답,52,장안2동,1,5.65
S39,신답,53,장안2동,1,5.65
S39,신답,54,왕십리2동,1,5.55
S39,신답,55,왕십리2동,1,5.55
S39,신답,56,장안1동,1,5.15
S39,신답,57,장안1동,1,5.15
S39,신답,58,장안1동,1,5.15
S39,신답,59,청량리동,1,5.06
S39,신답,60,행당1동,1,4.81
S39,신답,61,행당2동 -> 반포3동,2,18.7
S39,신답,62,전농2동,1,4.49
S39,신답,63,용답동,1,4.16
S39,신답,64,제기동,1,3.98
S39,신답,65,제기동,1,3.98
S39,신답,66,왕십리도선동,1,3.94
S39,신답,67,왕십리도선동,1,3.94
S39,신답,68,왕십리도선동,1,3.94
S39,신답,69,사근동,1,3.78
S39,신답,70,답십리2동,1,3.28
S39,신답,71,답십리2동,1,3.28
S39,신답,72,마장동,1,2.97
S39,신답,73,마장동,1,2.97
S39,신답,74,전농1동,1,2.61
S39,신답,75,전농1동,1,2.61
S39,신답,76,전농1동,1,2.61
S39,신답,77,답십리1동,1,1.41
S39,신답,78,답십리1동,1,1.41
S39,신설동,1,이화동,1,6.14
S39,신설동,2,정릉3동,1,11.08
S39,신설동,3,돈암2동 -> 정릉2동,2,8.2
S39,신설동,4,숭인2동,1,1.02
S39,신설동,5,한남동,1,12.74
S39,신설동,6,한남동 -> 필동,2,13.02
S39,신설동,7,한남동,1,12.74
S39,신설동,8,평창동,1,16.86
S39,신설동,9,부암동 -> 평창동 -> 돈암1동,3,19.54
S39,신설동,10,정릉4동,1,12.22
S39,신설동,11,용신동,1,1.48
S39,신설동,12,청운효자동,1,11.73
S39,신설동,13,정릉3동,1,11.08
S39,신설동,14,길음1동,1,9.13
S39,신설동,15,길음1동,1,9.13
S39,신설동,16,성북동,1,8.95
S39,신설동,17,삼청동 -> 성북동,2,12.87
S39,신설동,18,옥수동,1,8.61
S39,신설동,19,약수동,1,7.9
S39,신설동,20,정릉1동,1,7.69
S39,신설동,21,혜화동,1,7.49
S39,신설동,22,금호4가동,1,7.4
S39,신설동,23,종로1·2·3·4가동,1,7.22
S39,신설동,24,종로1·2·3·4가동,1,7.22
S39,신설동,25,종로1·2·3·4가동 -> 가회동,2,9.12
S39,신설동,26,금호2·3가동,1,6.76
S39,신설동,27,금호2·3가동,1,6.76
S39,신설동,28,돈암1동,1,6.63
S39,신설동,29,돈암1동,1,6.63
S39,신설동,30,돈암1동,1,6.63
S39,신설동,31,다산동,1,6.6
S39,신설동,32,다산동,1,6.6
S39,신설동,33,돈암2동,1,6.06
S39,신설동,34,청구동,1,5.64
S39,신설동,35,금호1가동 -> 금호4가동 -> 옥수동,3,8.62
S39,신설동,36,광희동,1,5.31
S39,신설동,37,광희동,1,5.31
S39,신설동,38,약수동 -> 다산동 -> 광희동,3,9.04
S39,신설동,39,삼선동,1,4.48
S39,신설동,40,삼선동,1,4.48
S39,신설동,41,동화동,1,4.34
S39,신설동,42,종로5·6가동,1,4.07
S39,신설동,43,신당동,1,3.88
S39,신설동,44,안암동,1,3.65
S39,신설동,45,안암동,1,3.65
S39,신설동,46,신당5동,1,3.31
S39,신설동,47,숭인1동 -> 창신3동 -> 창신2동,3,3.8
S39,신설동,48,황학동,1,2.48
S39,신설동,49,보문동,1,2.47
S39,신설동,50,보문동 -> 정릉4동 -> 동선동,3,12.75
S39,신설동,51,용신동,1,1.48
S39,신설동,52,용신동,1,1.48
S39,신설동,53,용신동,1,1.48
S39,신설동,54,혜화동 -> 을지로동 -> 신당동,3,10.69
S39,신설동,55,숭인2동 -> 창신1동 -> 황학동,3,3.46
S39,신용산,1,이태원1동,1,6.25
S39,신용산,2,이촌2동 -> 용문동,2,6.6
S39,신용산,3,도화동,1,5.88
S39,신용산,4,도화동 -> 원효로1동,2,6.52
S39,신용산,5,서빙고동,1,5.26
S39,신용산,6,원효로2동,1,4.23
S39,신용산,7,이촌1동,1,4.07
S39,신용산,8,한강로동,1,1.04
S39,신용산,9,원효로1동,1,3.17
S39,신용산,10,원효로1동,1,3.17
S39,신용산,11,한강로동,1,1.04
S39,신용산,12,한강로동,1,1.04
S39,신용산,13,한강로동,1,1.04
S39,신용산,14,이촌1동 -> 보광동 -> 서빙고동,3,10.3
S39,양천구청,1,고척2동 -> 신월3동 -> 신정4동,3,11.54
S39,양천구청,2,신정6동,1,1.63
S39,양천구청,3,방화2동,1,21.71
S39,양천구청,4,방화3동,1,21.13
S39,양천구청,5,방화1동,1,17.76
S39,양천구청,6,방화1동,1,17.76
S39,양천구청,7,방화1동 -> 방화2동 -> 가양1동,3,24.33
S39,양천구청,8,공항동,1,17.4
S39,양천구청,9,공항동,1,17.4
S39,양천구청,10,방화3동 -> 공항동 -> 신월2동,3,22.79
S39,양천구청,11,가양1동,1,16.3
S39,양천구청,12,가양1동,1,16.3
S39,양천구청,13,가양1동,1,16.3
S39,양천구청,14,가양1동,1,16.3
S39,양천구청,15,가양1동,1,16.3
S39,양천구청,16,목2동 -> 등촌3동 -> 가양3동 -> 가양2동,4,18.86
S39,양천구청,17,발산1동,1,13.88
S39,양천구청,18,발산1동,1,13.88
S39,양천구청,19,발산1동,1,13.88
S39,양천구청,20,등촌3동,1,13.86
S39,양천구청,21,등촌3동,1,13.86
S39,양천구청,22,가양3동,1,12.57
S39,양천구청,23,염창동,1,11.85
S39,양천구청,24,염창동,1,11.85
S39,양천구청,25,염창동,1,11.85
S39,양천구청,26,화곡6동,1,11.71
S39,양천구청,27,화곡4동 -> 화곡6동 -> 우장산동,3,13.12
S39,양천구청,28,등촌1동,1,11.42
S39,양천구청,29,등촌1동,1,11.42
S39,양천구청,30,항동,1,11.09
S39,양천구청,31,우장산동,1,11.09
S39,양천구청,32,우장산동,1,11.09
S39,양천구청,33,우장산동,1,11.09
S39,양천구청,34,신월5동 -> 신정1동,2,10.9
S39,양천구청,35,화곡3동,1,10.0
S39,양천구청,36,화곡3동,1,10.0
S39,양천구청,37,목2동,1,9.18
S39,양천구청,38,목2동,1,9.18
S39,양천구청,39,수궁동,1,9.17
S39,양천구청,40,화곡본동,1,9.13
S39,양천구청,41,화곡본동,1,9.13
S39,양천구청,42,발산1동 -> 등촌1동 -> 목3동,3,16.8
S39,양천구청,43,오류2동,1,8.75
S39,양천구청,44,오류2동,1,8.75
S39,양천구청,45,등촌2동,1,8.48
S39,양천구청,46,등촌2동,1,8.48
S39,양천구청,47,목3동,1,8.43
S39,양천구청,48,신월1동,1,8.39
S39,양천구청,49,신월7동,1,7.85
S39,양천구청,50,화곡1동,1,7.78
S39,양천구청,51,화곡1동,1,7.78
S39,양천구청,52,화곡1동,1,7.78
S39,양천구청,53,화곡8동 -> 화곡1동,2,8.29
S39,양천구청,54,화곡8동,1,7.12
S39,양천구청,55,화곡2동,1,7.07
S39,양천구청,56,화곡4동,1,6.91
S39,양천구청,57,목5동,1,6.87
S39,양천구청,58,목5동,1,6.87
S39,양천구청,59,목5동,1,6.87
S39,양천구청,60,목5동 -> 염창동,2,12.66
S39,양천구청,61,목4동,1,6.45
S39,양천구청,62,화곡본동 -> 화곡2동 -> 목4동,3,10.62
S39,양천구청,63,오류1동,1,6.05
S39,양천구청,64,신월4동,1,6.03
S39,양천구청,65,신정3동,1,5.2
S39,양천구청,66,신정3동,1,5.2
S39,양천구청,67,신정3동,1,5.2
S39,양천구청,68,개봉1동 -> 오류2동 -> 항동 -> 수궁동,4,13.43
S39,양천구청,69,목1동,1,5.14
S39,양천구청,70,목1동,1,5.14
S39,양천구청,71,목1동 -> 신정2동,2,5.33
S39,양천구청,72,신월2동,1,4.99
S39,양천구청,73,개봉1동,1,4.58
S39,양천구청,74,개봉1동,1,4.58
S39,양천구청,75,신정4동,1,3.78
S39,양천구청,76,신정4동,1,3.78
S39,양천구청,77,고척2동,1,3.3
S39,양천구청,78,고척2동,1,3.3
S39,양천구청,79,신정2동,1,3.22
S39,양천구청,80,신정1동,1,2.22
S39,양천구청,81,신정3동 -> 신월6동,2,6.2
S39,양천구청,82,신정7동,1,2.14
S39,양천구청,83,신정7동 -> 오류1동,2,6.76
S39,양천구청,84,신정6동,1,1.63
S39,오금,1,강일동,1,19.84
S39,오금,2,강일동,1,19.84
S39,오금,3,고덕2동,1,16.95
S39,오금,4,상일2동 -> 강일동,2,21.44
S39,오금,5,상일1동,1,14.34
S39,오금,6,상일1동,1,14.34
S39,오금,7,명일2동 -> 상일1동,2,14.6
S39,오금,8,명일2동,1,12.59
S39,오금,9,천호1동,1,11.12
S39,오금,10,천호1동 -> 고덕2동,2,17.78
S39,오금,11,천호3동,1,9.94
S39,오금,12,천호3동,1,9.94
S39,오금,13,길동,1,9.72
S39,오금,14,길동,1,9.72
S39,오금,15,길동,1,9.72
S39,오금,16,둔촌2동,1,8.57
S39,오금,17,둔촌2동 -> 둔촌1동,2,9.75
S39,오금,18,오륜동,1,3.61
S39,오금,19,오금동,1,1.85
S39,오금,20,오금동,1,1.85
S39,오금,21,오금동 -> 오륜동,2,4.55
S39,창동,1,창4동,1,1.46
S39,창동,2,삼각산동,1,11.5
S39,창동,3,수유1동 -> 삼각산동,2,12.22
S39,창동,4,상계3·4동,1,10.13
S39,창동,5,삼양동,1,9.85
S39,창동,6,수유1동,1,9.72
S39,창동,7,도봉1동,1,9.14
S39,창동,8,상계1동,1,9.06
S39,창동,9,상계1동,1,9.06
S39,창동,10,인수동,1,8.74
S39,창동,11,중계본동,1,8.56
S39,창동,12,우이동,1,8.14
S39,창동,13,미아동,1,7.89
S39,창동,14,하계1동,1,7.84
S39,창동,15,번2동 -> 삼양동 -> 미아동,3,11.3
S39,창동,16,중계4동,1,7.32
S39,창동,17,도봉2동,1,7.17
S39,창동,18,상계5동,1,6.73
S39,창동,19,방학1동,1,3.67
S39,창동,20,상계9동,1,6.67
S39,창동,21,쌍문1동,1,6.57
S39,창동,22,하계2동,1,6.54
S39,창동,23,중계1동,1,5.94
S39,창동,24,수유2동,1,5.82
S39,창동,25,수유3동,1,5.64
S39,창동,26,수유3동 -> 인수동,2,8.96
S39,창동,27,방학3동,1,5.5
S39,창동,28,방학3동 -> 우이동 -> 쌍문1동 -> 수유2동,4,10.62
S39,창동,29,방학2동,1,5.37
S39,창동,30,번1동,1,5.34
S39,창동,31,월계2동,1,5.24
S39,창동,32,하계1동 -> 하계2동 -> 월계2동,3,9.5
S39,창동,33,중계2·3동,1,5.23
S39,창동,34,중계2·3동,1,5.23
S39,창동,35,상계10동,1,4.97
S39,창동,36,상계8동,1,4.9
S39,창동,37,창5동 -> 도봉2동,2,7.72
S39,창동,38,번1동 -> 창3동,2,6.21
S39,창동,39,상계2동,1,4.36
S39,창동,40,상계6·7동,1,4.28
S39,창동,41,상계6·7동,1,4.28
S39,창동,42,중계본동 -> 중계1동,2,8.56
S39,창동,43,창2동,1,3.93
S39,창동,44,창1동 -> 창2동,2,3.93
S39,창동,45,방학1동,1,3.67
S39,창동,46,상계8동 -> 상계1동 -> 상계10동 -> 상계2동,4,11.07
S39,창동,47,쌍문4동,1,3.6
S39,창동,48,쌍문3동,1,3.59
S39,창동,49,쌍문2동,1,2.29
S39,창동,50,창5동,1,1.67
S39,창동,51,창1동,1,1.65
S39,창동,52,창4동,1,1.46
S39,창동,53,상계6·7동 -> 상계3·4동 -> 상계5동 -> 상계9동,4,12.97
S39,총신대입구,1,낙성대동,1,8.15
S39,총신대입구,2,청림동,1,7.16
S39,총신대입구,3,행운동,1,7.14
S39,총신대입구,4,행운동,1,7.14
S39,총신대입구,5,반포2동,1,6.19
S39,총신대입구,6,인헌동,1,6.05
S39,총신대입구,7,반포본동 -> 반포2동 -> 반포4동,3,7.58
S39,총신대입구,8,반포4동,1,5.21
S39,총신대입구,9,인헌동 -> 행운동,2,8.5
S39,총신대입구,10,방배3동,1,5.1
S39,총신대입구,11,낙성대동 -> 사당5동,2,8.63
S39,총신대입구,12,방배2동,1,3.95
S39,총신대입구,13,방배2동 -> 방배3동,2,5.25
S39,총신대입구,14,사당3동,1,3.44
S39,총신대입구,15,방배본동 -> 방배1동,2,4.33
S39,총신대입구,16,방배1동,1,3.29
S39,총신대입구,17,사당4동,1,3.19
S39,총신대입구,18,사당2동,1,2.82
S39,총신대입구,19,사당2동,1,2.82
S39,총신대입구,20,사당1동,1,2.53
S39,총신대입구,21,사당1동,1,2.53
S39,총신대입구,22,방배본동,1,2.49
S39,총신대입구,23,사당3동,1,3.44
S39,총신대입구,24,방배4동,1,2.14
S39,총신대입구,25,방배4동,1,2.14
S39,충정로,1,남가좌2동,1,11.28
S39,충정로,2,연희동,1,9.46
S39,충정로,3,연희동,1,9.46
S39,충정로,4,연희동 -> 남가좌2동 -> 남가좌1동,3,12.43
S39,충정로,5,대흥동,1,4.67
S39,충정로,6,대흥동,1,4.67
S39,충정로,7,아현동,1,2.89
S39,충정로,8,아현동,1,2.89
S39,충정로,9,아현동 -> 대흥동,2,5.43
S39,충정로,10,충현동,1,2.42
S39,충정로,11,충현동,1,2.42
S39,충정로,12,북아현동,1,1.79
S39,구로,1,수색동,1,21.61
S39,구로,2,증산동 -> 수색동,2,23.17
S39,구로,3,상암동,1,18.94
S39,구로,4,상암동,1,18.94
S39,구로,5,상암동,1,18.94
S39,구로,6,성산2동,1,17.93
S39,구로,7,성산2동,1,17.93
S39,구로,8,성산2동,1,17.93
S39,구로,9,연남동,1,16.94
S39,구로,10,북가좌1동 -> 연남동,2,20.6
S39,구로,11,성산1동,1,16.56
S39,구로,12,망원2동,1,16.19
S39,구로,13,서교동,1,14.75
S39,구로,14,서교동,1,14.75
S39,구로,15,서교동,1,14.75
S39,구로,16,서교동,1,14.75
S39,구로,17,서교동,1,14.75
S39,구로,18,망원1동,1,14.74
S39,구로,19,망원1동 -> 성산1동,2,17.63
S39,구로,20,합정동,1,12.47
S39,구로,21,합정동 -> 망원2동,2,16.19
S39,구로,22,양평2동,1,10.65
S39,구로,23,양평2동,1,10.65
S39,구로,24,신대방2동,1,9.68
S39,구로,25,신대방2동 -> 신길6동,2,9.6
S39,구로,26,당산2동,1,8.34
S39,구로,27,당산2동,1,8.34
S39,구로,28,당산2동,1,8.34
S39,구로,29,개봉3동,1,8.22
S39,구로,30,신길6동,1,7.03
S39,구로,31,신도림동 -> 당산2동 -> 영등포동 -> 영등포본동,4,11.08
S39,구로,32,영등포동,1,6.77
S39,구로,33,영등포동,1,6.77
S39,구로,34,영등포동,1,6.77
S39,구로,35,영등포동,1,6.77
S39,구로,36,개봉2동,1,6.51
S39,구로,37,양평1동,1,6.33
S39,구로,38,양평1동,1,6.33
S39,구로,39,구로4동 -> 대림1동,2,6.76
S39,구로,40,대림2동,1,6.17
S39,구로,41,영등포본동,1,6.14
S39,구로,42,신길5동 -> 구로1동,2,9.42
S39,구로,43,당산1동,1,5.69
S39,구로,44,당산1동,1,5.69
S39,구로,45,신길3동,1,5.51
S39,구로,46,구로1동,1,4.88
S39,구로,47,대림3동,1,4.27
S39,구로,48,구로5동 -> 대림3동,2,4.39
S39,구로,49,도림동,1,4.09
S39,구로,50,구로4동,1,3.86
S39,구로,51,문래동,1,3.84
S39,구로,52,문래동,1,3.84
S39,구로,53,문래동,1,3.84
S39,구로,54,고척1동,1,3.77
S39,구로,55,개봉3동 -> 개봉2동 -> 고척1동,3,8.54
S39,구로,56,구로2동,1,2.43
S39,구로,57,구로2동,1,2.43
S39,구로,58,구로5동,1,2.09
S39,구로,59,구로5동,1,2.09
S39,구로,60,신도림동,1,1.58
S39,구로,61,신도림동,1,1.58
S39,구로,62,신도림동,1,1.58
S39,구로,63,신길4동,1,6.92
S39,대방,1,신수동,1,10.14
S39,대방,2,서강동,1,10.06
S39,대방,3,서강동,1,10.06
S39,대방,4,신수동 -> 서강동,2,11.1
S39,대방,5,상도1동,1,8.9
S39,대방,6,상도1동,1,8.9
S39,대방,7,상도1동,1,8.9
S39,대방,8,용강동,1,8.85
S39,대방,9,용강동,1,8.85
S39,대방,10,상도4동,1,8.44
S39,대방,11,상도4동,1,8.44
S39,대방,12,상도4동,1,8.44
S39,대방,13,흑석동,1,7.71
S39,대방,14,흑석동,1,7.71
S39,대방,15,상도2동,1,7.04
S39,대방,16,상도3동,1,6.89
S39,대방,17,노량진2동,1,5.97
S39,대방,18,노량진1동,1,5.55
S39,대방,19,노량진1동,1,5.55
S39,대방,20,노량진1동,1,5.55
S39,대방,21,노량진1동 -> 노량진2동 -> 대방동,3,7.67
S39,대방,22,여의동,1,4.15
S39,대방,23,여의동,1,4.15
S39,대방,24,여의동,1,4.15
S39,대방,25,여의동,1,4.15
S39,대방,26,여의동,1,4.15
S39,대방,27,신길7동,1,3.73
S39,대방,28,대방동,1,3.67
S39,대방,29,대방동,1,3.67
S39,대방,30,상도3동 -> 상도4동 -> 상도2동,3,9.2
S39,대방,31,신길1동,1,3.46
S39,대방,32,신길1동 -> 신길7동,2,4.46
S39,독산,1,남현동,1,22.46
S39,독산,2,성현동,1,14.28
S39,독산,3,청룡동 -> 서원동,2,13.26
S39,독산,4,중앙동,1,13.85
S39,독산,5,청룡동,1,12.76
S39,독산,6,청룡동,1,12.76
S39,독산,7,청룡동,1,12.76
S39,독산,8,보라매동,1,12.25
S39,독산,9,남현동 -> 보라매동 -> 신림동,3,23.75
S39,독산,10,대학동,1,12.12
S39,독산,11,대학동,1,12.12
S39,독산,12,은천동,1,11.96
S39,독산,13,은천동,1,11.96
S39,독산,14,삼성동 -> 시흥2동,2,12.12
S39,독산,15,서림동,1,11.92
S39,독산,16,서원동,1,10.59
S39,독산,17,은천동 -> 성현동 -> 중앙동,3,14.95
S39,독산,18,신림동,1,9.91
S39,독산,19,신림동,1,9.91
S39,독산,20,난향동,1,9.58
S39,독산,21,신원동,1,8.56
S39,독산,22,신사동,1,7.97
S39,독산,23,신대방1동 -> 서림동,2,13.74
S39,독산,24,시흥2동,1,7.81
S39,독산,25,난곡동,1,7.72
S39,독산,26,신대방1동,1,7.68
S39,독산,27,신사동 -> 대학동,2,13.81
S39,독산,28,시흥3동,1,7.64
S39,독산,29,시흥5동,1,6.47
S39,독산,30,미성동,1,6.2
S39,독산,31,미성동 -> 난곡동,2,7.85
S39,독산,32,조원동,1,5.83
S39,독산,33,구로3동,1,5.03
S39,독산,34,구로3동,1,5.03
S39,독산,35,구로3동,1,5.03
S39,독산,36,구로3동 -> 조원동,2,6.84
S39,독산,37,시흥1동,1,4.79
S39,독산,38,시흥1동,1,4.79
S39,독산,39,가산동,1,4.45
S39,독산,40,가산동,1,4.45
S39,독산,41,가산동,1,4.45
S39,독산,42,가산동,1,4.45
S39,독산,43,가산동,1,4.45
S39,독산,44,가산동,1,4.45
S39,독산,45,가산동,1,4.45
S39,독산,46,가산동,1,4.45
S39,독산,47,가산동 -> 가리봉동,2,5.87
S39,독산,48,독산3동,1,4.39
S39,독산,49,독산3동 -> 신원동,2,8.59
S39,독산,50,시흥4동,1,4.33
S39,독산,51,독산4동,1,3.02
S39,독산,52,독산2동,1,2.71
S39,독산,53,독산1동,1,1.02
S39,독산,54,독산1동,1,1.02
S39,독산,55,독산1동,1,1.02
S39,독산,56,독산1동,1,1.02
S39,신이문,1,송천동,1,10.16
S39,신이문,2,장위1동 -> 길음2동 -> 송천동,3,11.33
S39,신이문,3,공릉2동,1,10.06
S39,신이문,4,공릉2동,1,10.06
S39,신이문,5,공릉2동,1,10.06
S39,신이문,6,면목3·8동,1,9.87
S39,신이문,7,망우본동,1,9.65
S39,신이문,8,망우본동,1,9.65
S39,신이문,9,신내1동,1,9.38
S39,신이문,10,신내1동,1,9.38
S39,신이문,11,길음2동,1,9.19
S39,신이문,12,길음2동,1,9.19
S39,신이문,13,면목3·8동 -> 망우3동,2,10.81
S39,신이문,14,신내2동 -> 묵2동,2,9.25
S39,신이문,15,면목7동,1,8.93
S39,신이문,16,송중동,1,8.85
S39,신이문,17,송중동,1,8.85
S39,신이문,18,월곡1동,1,7.59
S39,신이문,19,월곡1동,1,7.59
S39,신이문,20,면목본동,1,7.59
S39,신이문,21,면목본동,1,7.59
S39,신이문,22,월계3동,1,7.37
S39,신이문,23,월계1동 -> 월곡2동,2,8.37
S39,신이문,24,신내1동 -> 번3동,2,14.41
S39,신이문,25,묵1동,1,6.6
S39,신이문,26,묵1동,1,6.6
S39,신이문,27,공릉1동,1,6.49
S39,신이문,28,공릉1동,1,6.49
S39,신이문,29,공릉1동 -> 묵1동 -> 망우본동 -> 상봉1동,4,13.64
S39,신이문,30,면목5동,1,6.48
S39,신이문,31,장위1동,1,6.03
S39,신이문,32,면목2동,1,5.9
S39,신이문,33,월곡2동,1,5.9
S39,신이문,34,공릉2동 -> 월계3동,2,12.29
S39,신이문,35,상봉2동,1,5.59
S39,신이문,36,상봉2동,1,5.59
S39,신이문,37,상봉1동,1,5.41
S39,신이문,38,상봉1동,1,5.41
S39,신이문,39,월계1동,1,5.4
S39,신이문,40,묵2동,1,5.17
S39,신이문,41,장위3동,1,4.98
S39,신이문,42,회기동,1,4.5
S39,신이문,43,중화1동 -> 면목7동,2,10.16
S39,신이문,44,장위2동,1,4.15
S39,신이문,45,휘경2동,1,3.85
S39,신이문,46,중화2동,1,3.06
S39,신이문,47,중화2동 -> 휘경2동,2,5.52
S39,신이문,48,휘경1동,1,2.86
S39,신이문,49,석관동,1,2.28
S39,신이문,50,석관동,1,2.28
S39,신이문,51,석관동,1,2.28
S39,신이문,52,이문1동,1,1.82
S39,신이문,53,면목2동 -> 휘경1동 -> 이문1동,3,6.73
S39,신이문,54,이문2동,1,0.44
